ID,Status,ItemType,ItemName,Ages,Location,TestID,IsArchived,Notes,12
ABAS-2-0,1,Form,Adult Form,16 to 89,Archive Third Floor,ABAS-2,0,,7
ABAS-2-1,1,Form,Parent/Primary Caregiver Form,0 to 5,Archive Third Floor,ABAS-2,0,,4
ABAS-2-2,1,Form,Teacher/Daycare Provider Form,2 to 5,Archive Third Floor,ABAS-2,0,,9
ABAS-2-3,1,Form,Parent Form,5 to 21,Archive Third Floor,ABAS-2,0,,13
ABAS-2-4,1,Form,Teacher Form,5 to 21,Archive Third Floor,ABAS-2,0,,19
ABAS-3-5,1,Manual,,,Second Floor,ABAS-3,0,,17
ABAS-3-6,1,CD,Scoring Assistant and Intervention Planner,,Second Floor,ABAS-3,0,,14
ABAS-3-7,1,USB Stick,Scoring Assistant and Intervention Planner,,Ask Clinic Admin,ABAS-3,0,,11
ABAS-3-8,1,Book,Intervention Planner,,,ABAS-3,0,,20
ABAS-3-9,1,Form,Adult Form,16 to 89,Second Floor,ABAS-3,0,,15
ABAS-3-10,1,Form,Parent/Primary Caregiver Form,0 to 5,Second Floor,ABAS-3,0,,2
ABAS-3-11,1,Form,Teacher/Daycare Provider Form,2 to 5,Second Floor,ABAS-3,0,,6
ABAS-3-12,1,Form,Parent Form,5 to 21,Second Floor,ABAS-3,0,,1
ABAS-3-13,1,Form,Teacher Form,5 to 21,Second Floor,ABAS-3,0,,14
ABAS-3-14,1,Manual,,,Online Platform,ABAS-3,0,,10
ABAS-3-15,1,Form,Adult-Self Form,16 to 89,Online Platform,ABAS-3,0,,6
ABAS-3-16,1,Form,Parent Form,5 to 21,Online Platform,ABAS-3,0,,20
ABAS-3-17,1,Form,Teacher Form,5 to 21,Online Platform,ABAS-3,0,,7
ABAS-3-18,1,Scoring,,,Computer-186 Side,ABAS-3,0,,18
ABS-S:2-19,1,Manual,Examiner's Manual,,Second Floor,ABS-S:2,0,,9
ABS-S:2-20,1,Form,Examination Booklet,,Second Floor,ABS-S:2,0,,17
ABS-S:2-21,1,Form,Profile/Summary Form,,Second Floor,ABS-S:2,0,,17
ACL-22,1,Form,Booklet,,Second Floor,ACL,0,,15
ACL-23,1,Form,Profile Form,,Second Floor,ACL,0,,6
ACL-24,1,Form,Answer Sheet,,Second Floor,ACL,0,,17
ACL-25,1,Form,Parker Answer Sheet,,Second Floor,ACL,0,,4
ACL-26,1,Manual,,,,ACL,0,,17
ACLC-27,1,Manual,1973 Revision,,Archive Third Floor,ACLC,0,,20
ACLC-28,1,Book,1973 Revision,,Archive Third Floor,ACLC,0,,15
ACLC-29,1,Form,Recording Sheet for 1973 Revision,,Archive Third Floor,ACLC,0,,5
ADI-R-30,1,Manual,,,Second Floor,ADI-R,0,,17
ADI-R-31,1,Form,Interview Booklet,,Second Floor,ADI-R,0,,2
ADI-R-32,1,Form,Comprehensive Algorithm Form,,Second Floor,ADI-R,0,,10
ADOS-33,1,Manual,,,Archive Third Floor,ADOS,0,,11
ADOS-34,1,Form,Module 1 Pre-Verbal/Single Words,,Archive Third Floor,ADOS,0,,13
ADOS-35,1,Form,Module 2 Phrase Speech,,Archive Third Floor,ADOS,0,,19
ADOS-36,1,Form,Module 4 Fluent Speech Adolescent/Adult,,Archive Third Floor,ADOS,0,,2
ADOS-37,1,CD,Workshop Video (DVD 1),,Archive Third Floor,ADOS,0,,14
ADOS-38,1,CD,Workshop Video (DVD 2),,Archive Third Floor,ADOS,0,,3
ADOS-2-39,1,Manual,,,Second Floor,ADOS-2,0,,11
ADOS-2-40,1,Book,Training Videos Guidebook,,Second Floor,ADOS-2,0,,13
ADOS-2-41,1,Form,Toddler Module Pre-Verbal/Single Words,,Second Floor,ADOS-2,0,,18
ADOS-2-42,1,Form,Module 1 Pre-Verbal/Single Words,,Second Floor,ADOS-2,0,,3
ADOS-2-43,1,Form,Module 2 Phrase Speech,,Second Floor,ADOS-2,0,,12
ADOS-2-44,1,Form,Module 3 Fluent Speech Child/Adolescent,,Second Floor,ADOS-2,0,,10
ADOS-2-45,1,Form,Module 4 Fluent Speech Adolescent/Adult,,Second Floor,ADOS-2,0,,7
ADOS-2-46,1,,Test materials/stimulus items and Toddler Module Stimulus Items,,,ADOS-2,0,,10
ADOS-2-47,1,CD,Training Protocols,,Second Floor,ADOS-2,0,,1
ADOS-2-48,1,CD,Training and Practice Video (Part 2): Toddler Module Workshop Video 3: Toddler Module,,Second Floor,ADOS-2,0,,1
ASEBA-49,1,Manual,Manual for the ASEBA Preschool Forms & Profiles,,Second Floor,ASEBA,0,,13
ASEBA-50,1,Manual,Manual for the ASEBA School-Age Forms & Profiles,,Second Floor,ASEBA,0,,15
ASEBA-51,1,Form,Semistructured Clinical Interview for Children & Adolescents Protocol Form,6 to 18,Second Floor,ASEBA,0,,20
ASEBA-52,1,Form,Semistructured Clinical Interview Observation Form,,Second Floor,ASEBA,0,,6
ASEBA-53,1,Form,Youth Self-Report,11 to 18,Second Floor,ASEBA,0,,17
ASEBA-54,1,Form,TRF Teacher's Report Form,6 to 18,Second Floor,ASEBA,0,,12
ASEBA-55,1,Form,CBCL Child Behaviour Checklist,1 1/2 to 5,Second Floor,ASEBA,0,,20
ASEBA-56,1,Form,CBCL Child Behaviour Checklist,6 to 18,Second Floor,ASEBA,0,,11
ASEBA-57,1,Form,French Version - Child Behaviour Checklist,6 to 18,Second Floor,ASEBA,0,,10
ASEBA-58,1,Form,Caregiver-Teacher Report Form,1 1/2 to 5,Second Floor,ASEBA,0,,5
ASEBA-59,1,CD,Assessment Data Manager Version 6.5,,Second Floor,ASEBA,0,,11
ASEBA-60,1,CD,Training for the SCICA Semistructured Clinical Interview for Children & Adolescents,,Second Floor,ASEBA,0,,10
ASEBA-61,1,CD,Assessment Data Manager Version 6.0,,Second Floor,ASEBA,0,,11
ASEBA-62,1,CD,Assessment Data Manager Version 5.0,,Second Floor,ASEBA,0,,3
ASEBA-63,1,Manual,SCICA Semistructured Clinical Interview for Children & Adolescents,,Second Floor,ASEBA,0,,2
ASEBA-64,1,CD,SCICA Semistructured Clinical Interview for Children & Adolescents VHS - Videotape Training Segment,,Second Floor,ASEBA,0,,12
BADDS-65,1,Manual,For Children and Adolescents,,Second Floor,BADDS,0,,19
BADDS-66,1,Form,Diagnostic Form Children,3 to 12,Second Floor,BADDS,0,,10
BADDS-67,1,Form,Diagnostic Form for Adolescents Revised,12 to 18,Second Floor,BADDS,0,,19
BADDS-68,1,Form,Adolescent Ready Score Answer Document,,Second Floor,BADDS,0,,11
BADDS-69,1,Form,Parent Form Ready Score Answer Document,3 to 7,Second Floor,BADDS,0,,8
BADDS-70,1,Form,Teacher Form Ready Score Answer Document,3 to 7,Second Floor,BADDS,0,,2
BADDS-71,1,Form,Parent Form Ready Score Answer Document,8 to 12,Second Floor,BADDS,0,,13
BADDS-72,1,Form,Teacher Form Ready Score Answer Document,8 to 12,Second Floor,BADDS,0,,15
BADDS-73,1,Form,Self Report Form Ready Score Answer Document,8 to 12,Second Floor,BADDS,0,,13
BADDS-74,1,Manual,For Adolescents and Adults,,,BADDS,0,,6
BADDS-75,1,Form,Adult Readyscore Self-Report Forms/Answer Documents,,,BADDS,0,,2
BADDS-76,1,Form,Adult Diagnostic Record Forms,,,BADDS,0,,9
BADDS-77,1,Form,Treatment Monitoring Worksheet,,,BADDS,0,,2
BAI-78,1,Manual,,,Second Floor,BAI,0,,17
BAI-79,1,Form,Record Form,,Second Floor,BAI,0,,3
BAI-80,1,Form,Response Sheet,,,BAI,0,,4
BAI-81,1,Form,"For remote, on-screen administration",,Online Platform,BAI,0,,12
BASC-3-82,1,Manual,,,Second Floor,BASC-3,0,,9
BASC-3-83,1,Form,Self-Report Interview (SRP),6 to 7,Second Floor,BASC-3,0,,2
BASC-3-84,1,Form,Self-Report Child (SRP),8 to 11,Second Floor,BASC-3,0,,15
BASC-3-85,1,Form,Self-Report Adolescent (SRP),,,BASC-3,0,,11
BASC-3-86,1,Form,Self-Report College (SRP),18 to 25,Second Floor,BASC-3,0,,7
BASC-3-87,1,Form,Parent Rating Scales (PRS) Preschool,2 to 5,Second Floor,BASC-3,0,,3
BASC-3-88,1,Form,Teacher Rating Scales (TRS) Preschool,2 to 5,Second Floor,BASC-3,0,,5
BASC-3-89,1,Form,Parent Rating Scales (PRS) Child,6 to 11,Second Floor,BASC-3,0,,13
BASC-3-90,1,Form,Teacher Rating Scales (TRS) Child,6 to 11,Second Floor,BASC-3,0,,13
BASC-3-91,1,Form,Parent Rating Scales (PRS) Adolescent,12 to 21,Second Floor,BASC-3,0,,16
BASC-3-92,1,Form,Teacher Rating Scales (TRS) Adolescent,12 to 21,Second Floor,BASC-3,0,,4
BASC-3-93,1,Form,Structured Developmental History (SDH),,,BASC-3,0,,12
BASC-3-94,1,Form,Student Observation System (SOS),,,BASC-3,0,,3
BASC-3-95,1,Manual,,,Online Platform,BASC-3,0,,16
BASC-3-96,1,Form,"Administration, scoring and reporting for the TRS, PRS, SRP, SDH, PRQ or SOS",,Online Platform,BASC-3,0,,18
Bayley-III-97,1,Manual,Administration Manual,,,Bayley-III,0,,15
Bayley-III-98,1,Manual,Technical Manual,,,Bayley-III,0,,11
Bayley-III-99,1,Book,Picture Book,,,Bayley-III,0,,8
Bayley-III-100,1,Book,Stimulus Book,,,Bayley-III,0,,11
Bayley-III-101,1,Form,Observational Checklist,,,Bayley-III,0,,4
Bayley-III-102,1,Form,Cognitive Record Forms,,,Bayley-III,0,,17
Bayley-III-103,1,Form,Language Record Forms,,,Bayley-III,0,,18
Bayley-III-104,1,Form,Motor Record Forms,,,Bayley-III,0,,6
Bayley-III-105,1,,Stimulus items/toys,,,Bayley-III,0,,13
Bayley-III-106,1,Form,Cognitive Language Motor Record Forms,,Second Floor,Bayley-III,0,,4
Bayley-III-107,1,Form,Caregiver Report Forms,,Second Floor,Bayley-III,0,,8
Bayley-III-108,1,Form,Social-Emotional and Adaptive Behavior Questionnaire,,Second Floor,Bayley-III,0,,13
BCT-109,1,Form,Scoring and Recording Form,,Archive Third Floor,BCT,0,,12
BDI-2-110,1,Manual,,,Second Floor,BDI-2,0,,19
BDI-2-111,1,Form,Record Form,,Second Floor,BDI-2,0,,5
BDI-2-112,1,Form,Response Sheet,,,BDI-2,0,,7
Beery PVT and Beery PVS-113,1,Manual,Professional Manual,,Second Floor,Beery PVT and Beery PVS,0,,8
Beery PVS-114,1,Form,Record Form 2 - 12,,Second Floor,Beery PVS,0,,10
Beery PVT-115,1,Book,Stimulus Card Set,,Second Floor,Beery PVT,0,,12
Beery PVT-116,1,Form,Record Form,,Second Floor,Beery PVT,0,,13
Beery VMI-117,1,Manual,,,Archive Third Floor,Beery VMI,0,,4
Beery VMI-118,1,Form,Testing Booklet (green) (SHORT FORM),2 through 7,Archive Third Floor,Beery VMI,0,,7
Beery VMI-119,1,Form,Testing Booklet (beige),2 through 18,Archive Third Floor,Beery VMI,0,,15
Beery VMI-120,1,Form,Testing Booklet (blue),2 through 18,Archive Third Floor,Beery VMI,0,,12
Beery VMI-121,1,Manual,,,Second Floor,Beery VMI,0,,4
Beery VMI-122,1,Form,Testing Booklet (green) (FULL FORM),2 through 100,Second Floor,Beery VMI,0,,5
Beery VMI-123,1,Form,Testing Booklet (green) (SHORT FORM),2 through 7,Second Floor,Beery VMI,0,,7
Beery VMI-124,1,Form,Testing Booklet (beige),2 to 100,Second Floor,Beery VMI,0,,19
Beery VMI-125,1,Form,Testing Booklet (blue),2 to 100,Second Floor,Beery VMI,0,,3
BHS-126,1,Manual,***,,Second Floor,BHS,0,,8
BHS-127,1,Form,Record Form,,Second Floor,BHS,0,,5
BRIEF-128,1,Manual,Professional Manual,,Archive Third Floor,BRIEF,0,,19
BRIEF-129,1,Form,Teacher Form,,Archive Third Floor,BRIEF,0,,2
BRIEF-130,1,Form,Teacher Form Scoring Summary,,Archive Third Floor,BRIEF,0,,2
BRIEF-131,1,Form,Parent Form,,Archive Third Floor,BRIEF,0,,2
BRIEF-132,1,Form,Parent Form Scoring Summary,,Archive Third Floor,BRIEF,0,,13
BRIEF2-133,1,Manual,Professional Manual,,Second Floor,BRIEF2,0,,12
BRIEF2-134,1,Book,Fast Guide,,Second Floor,BRIEF2,0,,13
BRIEF2-135,1,Form,Teacher Form,,Second Floor,BRIEF2,0,,1
BRIEF2-136,1,Form,Teacher Form Scoring Summary,,Second Floor,BRIEF2,0,,3
BRIEF2-137,1,Form,Parent Form,,Second Floor,BRIEF2,0,,14
BRIEF2-138,1,Form,Parent Form Scoring Summary,,Second Floor,BRIEF2,0,,7
BRIEF2-139,1,Form,Self-Report Form,,Second Floor,BRIEF2,0,,2
BRIEF2-140,1,Form,Self-Report Form Scoring Summary,,Second Floor,BRIEF2,0,,17
BRIEF2-141,1,Form,Self + score reports,,Online Platform,BRIEF2,0,,15
BRIEF2-142,1,Form,Parent Form + score reports,,Online Platform,BRIEF2,0,,18
BRIEF2-143,1,Form,Teacher Form + score reports,,Online Platform,BRIEF2,0,,4
BRIEF-A-144,1,Manual,Professional Manual,,Second Floor,BRIEF-A,0,,8
BRIEF-A-145,1,Form,Informant Report Form,,Second Floor,BRIEF-A,0,,13
BRIEF-A-146,1,Form,Informant Report Scoring Summary,,Second Floor,BRIEF-A,0,,11
BRIEF-A-147,1,Form,Self-Report Form,,Second Floor,BRIEF-A,0,,3
BRIEF-A-148,1,Form,Self-Report Scoring Summary,,Second Floor,BRIEF-A,0,,3
BRIEF-A-149,1,Form,Self-Report/Informant i-Admin/Score Report,,Online Platform,BRIEF-A,0,,9
BRIEF-P-150,1,Manual,Professional Manual,,Second Floor,BRIEF-P,0,,18
BRIEF-P-151,1,Form,Rating Form,,Second Floor,BRIEF-P,0,,4
BRIEF-P-152,1,Form,Preschool Scoring Summary,,Second Floor,BRIEF-P,0,,3
BRIEF-SR-153,1,Manual,Professional Manual,,Second Floor,BRIEF-SR,0,,3
BRIEF-SR-154,1,Form,Rating Form,,Second Floor,BRIEF-SR,0,,18
BRIEF-SR-155,1,Form,Self-Report Scoring Summary,,Second Floor,BRIEF-SR,0,,14
BSRA-3-156,1,Manual,Examiner's Manual,,Second Floor,BSRA-3,0,,16
BSRA-3-157,1,Book,Stimulus Book,,Second Floor,BSRA-3,0,,3
BSRA-3-158,1,Form,Record Form,,Second Floor,BSRA-3,0,,3
BSRA-3-159,1,Form,Parent/Teacher Conference Form,,Second Floor,BSRA-3,0,,4
BSS-160,1,Manual,,,Second Floor,BSS,0,,16
BSS-161,1,Form,Record Form,,Second Floor,BSS,0,,4
BSS-162,1,Form,Response Sheet,,,BSS,0,,18
BVRT-163,1,Kit,Books and booklets,,Archive Third Floor,BVRT,0,,13
BYI-2-164,1,Manual,,,,BYI-2,0,,18
BYI-2-165,1,Form,Combination Booklet,,Second Floor,BYI-2,0,,19
BYI-2-166,1,Form,Depression Inventory Response Sheet,,,BYI-2,0,,1
BYI-2-167,1,Form,Anxiety Inventory Response Sheet,,,BYI-2,0,,3
BYI-2-168,1,Form,Anger Inventory Response Sheet,,,BYI-2,0,,16
BYI-2-169,1,Form,Disruptive Behavior Inventory Response Sheet,,,BYI-2,0,,11
BYI-2-170,1,Form,Self Concept Inventory Response Sheet,,,BYI-2,0,,2
CAARS-O:L-171,1,Form,Record Form,,Second Floor,CAARS-O:L,0,,19
CAARS-O:S-172,1,Form,Record Form,,Second Floor,CAARS-O:S,0,,1
CAARS-O:SV-173,1,Form,Record Form,,Second Floor,CAARS-O:SV,0,,17
CAARS-S:L-174,1,Form,Record Form,,Second Floor,CAARS-S:L,0,,5
CAARS-S:S-175,1,Form,Record Form,,Second Floor,CAARS-S:S,0,,5
CAARS-S:SV-176,1,Form,Record Form,,Second Floor,CAARS-S:SV,0,,5
CAARS-177,1,Manual,Technical Manual,,Second Floor,CAARS,0,,4
CAARS-178,1,Form,Profile Report,,Online Platform,CAARS,0,,10
CAI-179,1,Manual,,,Archive Third Floor,CAI,0,,14
CARS-180,1,Manual,,,Archive Third Floor,CARS,0,,11
CARS-181,1,Form,Rating Sheet,,Archive Third Floor,CARS,0,,9
CARS2-182,1,Manual,,,Second Floor,CARS2,0,,14
CARS2-HF-183,1,Form,Rating Booklet,,Second Floor,CARS2-HF,0,,17
CARS2-QPC-184,1,Form,Rating Booklet,,Second Floor,CARS2-QPC,0,,14
CARS2-ST-185,1,Form,Rating Booklet,,Second Floor,CARS2-ST,0,,10
CASS:L-186,1,Form,Feedback Form,,Second Floor,CASS:L,0,,18
CBOCI-187,1,Manual,,,Second Floor,CBOCI,0,,1
CBOCI-188,1,Form,Record Form,,Second Floor,CBOCI,0,,4
CDI-189,1,Manual,,,Archive Third Floor,CDI,0,,7
CDI-190,1,Form,Record Form,,Archive Third Floor,CDI,0,,16
CDI-191,1,Manual,Technical Manual,,Archive Third Floor,CDI,0,,13
CDI-192,1,Form,Record Form,,Archive Third Floor,CDI,0,,1
CDI 2-193,1,Manual,Technical Manual,,Second Floor,CDI 2,0,,13
CDI 2-194,1,Form,Parent,,Second Floor,CDI 2,0,,8
CDI 2-195,1,Form,Teacher,,Second Floor,CDI 2,0,,12
CDI 2-196,1,Form,Self-Report,,Second Floor,CDI 2,0,,10
CDI 2-197,1,Form,Self-Report Short,,Second Floor,CDI 2,0,,13
CDS-198,1,Manual,,,Archive Third Floor,CDS,0,,5
CDS-199,1,Form,Record Form Third Revision (1976),,Archive Third Floor,CDS,0,,3
CELF-4-200,1,Install Disk,Scoring Assistant Windows Version 1.0,,Archive Third Floor,CELF-4,0,,14
CELF-4-201,1,CD,Scoring Assistant Windows Version 1.0.2,,Archive Third Floor,CELF-4,0,,8
CELF-4-202,1,Form,Record Form 1,5 to 8,Archive Third Floor,CELF-4,0,,11
CELF-4-203,1,Form,Record Form 2,9 to 21,Archive Third Floor,CELF-4,0,,2
CELF-4-204,1,Form,Observational Rating Scale,,Archive Third Floor,CELF-4,0,,4
CELF-4-205,1,Kit,Manual and testing books,,Archive Third Floor,CELF-4,0,,7
CELF-5 Metalinguistics-206,1,Kit,Kit Contents: -Examiner's Manual -Technical Manual  -Stimulus Book -Record Form (found on second floor in filing cabinet),,Second Floor,CELF-5 Metalinguistics,0,,9
CELF-5 Metalinguistics-207,1,Form,Record Form,,Second Floor,CELF-5 Metalinguistics,0,,16
CII-208,1,Manual,Directions for Administering,,Second Floor,CII,0,,4
CII-209,1,Form,Exploring Interests: An Introduction to the Career Interest Inventory,,Second Floor,CII,0,,7
CII-210,1,Form,Answer Document Machine-Scorable Edition Type 1 Level 1,,Second Floor,CII,0,,1
CII-211,1,Form,Hand-Scorable Booklet Level 2,,Second Floor,CII,0,,17
CISS-212,1,Manual,,,Archive Third Floor,CISS,0,,1
CISS-213,1,Form,Record Form Adolescent,,Archive Third Floor,CISS,0,,19
CISS-214,1,Manual,,,Archive Third Floor,CISS,0,,11
CMS-215,1,Form,Record Form,5 to 8,Second Floor,CMS,0,,20
CMS-216,1,Form,Record Form,9 to 16,Second Floor,CMS,0,,3
CMS-217,1,Manual,,,,CMS,0,,10
CMS-218,1,Form,Stimulus Booklet #1,,,CMS,0,,1
CMS-219,1,Form,Stimulus Booklet #2,,,CMS,0,,3
CMS-220,1,,Response Chip Set,,,CMS,0,,9
CMS-221,1,,Grid and Picture Set,,,CMS,0,,5
Conners 3-222,1,Manual,,,Second Floor,Conners 3,0,,3
Conners 3-223,1,USB Stick,,,Ask Clinic Admin,Conners 3,0,,4
Conners 3-224,1,Form,Self-Report Response Booklet,,Second Floor,Conners 3,0,,5
Conners 3-225,1,Form,Self-Report Short,,Second Floor,Conners 3,0,,19
Conners 3-226,1,Form,Teacher Response Booklet,,Second Floor,Conners 3,0,,4
Conners 3-227,1,Form,Teacher Short,,Second Floor,Conners 3,0,,11
Conners 3-228,1,Form,Parent Response Booklet,,Second Floor,Conners 3,0,,3
Conners 3-229,1,Form,Parent Short,,Second Floor,Conners 3,0,,9
Conners 3-230,1,,DSM-5 Supplement,,,Conners 3,0,,5
Conners 3-231,1,Scoring,,,Computer-184 Side,Conners 3,0,,8
Conners 3-232,1,Scoring,,,Computer-186 Side,Conners 3,0,,12
Conners 3-233,1,Form,Self-Report/Parent/Teacher,,Online Platform,Conners 3,0,,13
CPRS-48-234,1,Form,Record Form,,Archive Third Floor,CPRS-48,0,,15
CPRS-93-235,1,Form,Record Form,,Archive Third Floor,CPRS-93,0,,17
CPT II-236,1,Manual,Computer Program for Windows Technical Guide and Software Manual******,,Archive Third Floor,CPT II,0,,5
CRI-237,1,Manual,Adult Form Professional Manual,,Second Floor,CRI,0,,2
CRI-238,1,Form,Adult Item Booklet—Actual Form,,Second Floor,CRI,0,,16
CRI-239,1,Form,Adult Answer Sheet,,Second Floor,CRI,0,,5
CRI-240,1,Form,Adult Item Booklet—Ideal Form,,,CRI,0,,3
CRI-241,1,Manual,An Update on Research Applications and Validity (Manual Supplement),,,CRI,0,,12
CRI-242,1,Manual,Youth Form Professional Manual,,,CRI,0,,9
CRI-243,1,Form,Youth Item Booklet—Actual Form,,,CRI,0,,11
CRI-244,1,Form,Youth Item Booklet—Ideal Form,,,CRI,0,,8
CRI-245,1,Form,Youth Answer Sheet,,,CRI,0,,9
CRS-246,1,Manual,,,Archive Third Floor,CRS,0,,18
CRS-R-247,1,Manual,Technical Manual,,Archive Third Floor,CRS-R,0,,3
CTONI-2-248,1,Kit,Kit Contents: -Manual -Analogies Picture Book -Categories Picture Book -Sequences Picture Book -Record Form (found on second floor in filing cabinet),,Second Floor,CTONI-2,0,,15
CTONI-2-249,1,Form,Record Form,,Second Floor,CTONI-2,0,,2
CTOPP-250,1,Manual,Examiner's Manual,,Archive Third Floor,CTOPP,0,,17
CTOPP-251,1,Book,Picture Book,,Archive Third Floor,CTOPP,0,,7
CTOPP-252,1,CD,,,Archive Third Floor,CTOPP,0,,10
CTOPP-253,1,Form,Profile/Examiner Record Booklet,5 and 6,Archive Third Floor,CTOPP,0,,20
CTOPP-254,1,Form,Profile/Examiner Record Booklet,7 through 24,Archive Third Floor,CTOPP,0,,17
CTOPP-2-255,1,Kit,Kit Contents: -Manual -Supplemental Subtests CD -Core Subtests CD -Picture Book -Examiner Record Booklet Ages 4 to 6 (found on second floor in filing cabinet) -Examiner Record Booklet Ages 7 to 24 (found on second floor in filing cabinet),,Second Floor,CTOPP-2,0,,18
CTOPP-2-256,1,Form,Examiner Record Booklet,4 to 6,Second Floor,CTOPP-2,0,,4
CTOPP-2-257,1,Form,Examiner Record Booklet,7 to 24,Second Floor,CTOPP-2,0,,18
CTRS-R:L-258,1,Form,Record Form,,Archive Third Floor,CTRS-R:L,0,,11
CTRS-28-259,1,Form,Record Form,,Archive Third Floor,CTRS-28,0,,15
CTRS-39-260,1,Form,Record Form,,Archive Third Floor,CTRS-39,0,,17
CVLT-261,1,Manual,Research Edition Adult Version Version 1,,Archive Third Floor,CVLT,0,,20
CVLT-262,1,Form,Research Edition Adult Version,,Archive Third Floor,CVLT,0,,5
CVLT-II-263,1,CD,Comprehensive Scoring System Windows Version 1.0,,Second Floor,CVLT-II,0,,3
CVLT-II-264,1,Install Disk,Comprehensive Scoring System Windows Version 1.0,,Second Floor,CVLT-II,0,,14
CVLT-II-265,1,Manual,,,Second Floor,CVLT-II,0,,4
CVLT-II-266,1,Form,Short Form,,Second Floor,CVLT-II,0,,4
CVLT-II-267,1,Form,Standard Form,,Second Floor,CVLT-II,0,,19
CVLT-II-268,1,Form,Alternate Form,,Second Floor,CVLT-II,0,,1
CVLT-C-269,1,Manual,,,Second Floor,CVLT-C,0,,5
CVLT-C-270,1,Form,Record Form,,Second Floor,CVLT-C,0,,15
DAP-271,1,Manual,,,Second Floor,DAP,0,,6
DAP-272,1,Book,Scoring Chart,,Second Floor,DAP,0,,5
DAS-273,1,Form,Basic Number Skills,,Archive Third Floor,DAS,0,,18
DAS-274,1,Form,Preschool Record Form,,Archive Third Floor,DAS,0,,18
DAS-275,1,Form,School-Age Record Form,,Archive Third Floor,DAS,0,,15
DAS-276,1,Form,Speed of Information Processing Booklet A,,Archive Third Floor,DAS,0,,20
DAS-277,1,Form,Speed of Information Processing Booklet B,,Archive Third Floor,DAS,0,,6
DAS-278,1,Form,Speed of Information Processing Booklet C,,Archive Third Floor,DAS,0,,2
DAS-279,1,Form,Sequential and Quantitative Reasoning (Set A),,Archive Third Floor,DAS,0,,1
DAS-II-280,1,Form,Early Years Record Form,,Second Floor,DAS-II,0,,4
DAS-II-281,1,Form,School-Age Record Form,,Second Floor,DAS-II,0,,15
DAS-II-282,1,Form,Speed of Information Processing Response Booklet A,,Second Floor,DAS-II,0,,1
DAS-II-283,1,Form,Speed of Information Processing Response Booklet B,,Second Floor,DAS-II,0,,11
DAS-II-284,1,Form,Speed of Information Processing Response Booklet C,,Second Floor,DAS-II,0,,20
DAS-II-285,1,Book,Stimulus Book 1,,,DAS-II,0,,12
DAS-II-286,1,Book,Stimulus Book 2,,,DAS-II,0,,8
DAS-II-287,1,Book,Stimulus Book 3,,,DAS-II,0,,1
DAS-II-288,1,Book,Stimulus Book 4,,,DAS-II,0,,6
DAS-II-289,1,Manual,Administration and Scoring Manual,,,DAS-II,0,,19
DAS-II-290,1,Manual,Normative Update School-Age Manual,,,DAS-II,0,,3
DAS-II-291,1,Manual,Introductory and Technical Manual,,,DAS-II,0,,14
DAS-II-292,1,Manual,Early Years Normative Data Tables Manual,,,DAS-II,0,,16
DAS-II-293,1,Manual,Administration and Scoring Manual,,,DAS-II,0,,8
DAS-II-294,1,,Test materials/stimulus items/toys,,,DAS-II,0,,17
D-KEFS-295,1,Install Disk,Scoring Assistant Windows Version 1.0.2,,Second Floor,D-KEFS,0,,1
D-KEFS-296,1,CD,Scoring Assistant Windows Version 1.0.2,,Second Floor,D-KEFS,0,,17
D-KEFS-297,1,CD,Scoring Assistant Windows Version 2.0.1,,Second Floor,D-KEFS,0,,5
D-KEFS-298,1,Kit,Kit Contents: -Examiner's and Technical Manual -Stimulus Booklet -Sorting Cards (3 sets of 6 cards each) -1 Tower stand with 5 color disks -Standard Record Forms -Design Fluency Response Booklets -Trail Making Response Booklet sets (each set contains Response Booklets for the 5 Trail Making conditions),,Second Floor,D-KEFS,0,,1
D-KEFS-299,1,Form,Standard Record Form,,Second Floor,D-KEFS,0,,12
D-KEFS-300,1,Form,Design Fluency Test Condition 1 - Filled Dots,,Second Floor,D-KEFS,0,,4
D-KEFS-301,1,Form,Trail Making Test Condition 1 - Visual Scanning,,Second Floor,D-KEFS,0,,4
D-KEFS-302,1,Form,Trail Making Test Condition 2 - Number Sequencing,,Second Floor,D-KEFS,0,,10
D-KEFS-303,1,Form,Trail Making Test Condition 3 - Letter Sequencing,,Second Floor,D-KEFS,0,,8
D-KEFS-304,1,Form,Trail Making Test Condition 4 - Number-Letter Switching,,Second Floor,D-KEFS,0,,10
D-KEFS-305,1,Form,Trail Making Test Condition 5 - Motor Speed,,Second Floor,D-KEFS,0,,19
D-KEFS-306,1,Form,Color-Word Interference Test: Standard Record Form,,Second Floor,D-KEFS,0,,11
D-KEFS-307,1,Scoring,,,Computer-184 Side,D-KEFS,0,,8
DMI-308,1,Kit,,,Archive Third Floor,DMI,0,,18
DTS-309,1,Manual,,,Archive Third Floor,DTS,0,,10
DTS-310,1,Form,Record Form,,Archive Third Floor,DTS,0,,17
EDI-2-311,1,Manual,Professional Manual,,Archive Third Floor,EDI-2,0,,9
EDI-2-312,1,Form,Answer Sheet,,Archive Third Floor,EDI-2,0,,9
EDI-3-313,1,Manual,Professional Manual,,Second Floor,EDI-3,0,,19
EDI-3-314,1,Form,Item Booklet,,Second Floor,EDI-3,0,,10
EDI-3-315,1,Form,Answer Sheet,,Second Floor,EDI-3,0,,14
EDI-3-316,1,Form,Percentile/T-Score Profile Form,,,EDI-3,0,,20
EDI-3-317,1,Form,Symptom Checklist,,,EDI-3,0,,7
EDI-3-318,1,Manual,Referral Form Manual,,,EDI-3,0,,7
EDI-3-319,1,Form,Referral Form,,,EDI-3,0,,3
EVT-3-320,1,Kit,Kit Contents: - Manual and question book Form A,,Second Floor,EVT-3,0,,20
EVT-3-321,1,Form,Record Form Form A,,Second Floor,EVT-3,0,,13
FRT-322,1,Manual,,,Second Floor,FRT,0,,11
FRT-323,1,Manual,Manual for the adult version,,Second Floor,FRT,0,,8
FRT-324,1,Form,Record Sheet for Adults,,Second Floor,FRT,0,,6
FRT-325,1,Form,Scoring Sheet for Adults,,Second Floor,FRT,0,,9
FRT-326,1,Form,Record Sheet for Older Children,,Second Floor,FRT,0,,4
FRT-327,1,Form,Scoring Sheet for Older Children,,Second Floor,FRT,0,,9
FRT-328,1,Form,Scoring Sheet for Young Children,,Second Floor,FRT,0,,7
GAD-7-329,1,Form,,,Online Platform,GAD-7,0,,13
GHQ-330,1,Book,Instructions and questions for answer sheet,,Archive Third Floor,GHQ,0,,3
GHQ-331,1,Form,Answer sheet,,Archive Third Floor,GHQ,0,,1
GHQ-30-332,1,Form,Record Form,,Archive Third Floor,GHQ-30,0,,6
GORT-4-333,1,Manual,,,Second Floor,GORT-4,0,,6
GORT-4-334,1,Book,Student Book,,Second Floor,GORT-4,0,,7
GORT-4-335,1,Form,Record Booklet Form A,,Second Floor,GORT-4,0,,3
GORT-4-336,1,Form,Record Booklet Form B,,Second Floor,GORT-4,0,,19
GPT-337,1,Kit,Manual and testing materials Model 32025,,Archive Third Floor,GPT,0,,1
HPC for Women-338,1,Form,Record Form,,Archive Third Floor,HPC for Women,0,,20
HPC for Men-339,1,Form,Record Form,,Archive Third Floor,HPC for Men,0,,3
HSPQ-340,1,Manual,Manual and Norms for the HSPQ,,Archive Third Floor,HSPQ,0,,7
JI and JBC-341,1,Kit,"Manuals, profile sheets, question booklets, answer sheets, scoring templates",,Archive Third Floor,JI and JBC,0,,9
JI-R-342,1,Manual,Technical Manual,,Second Floor,JI-R,0,,11
JI-R-343,1,Book,Scoring Templates,,Second Floor,JI-R,0,,17
JI-R-344,1,Form,Item Booklet,,Second Floor,JI-R,0,,6
JI-R-345,1,Form,Response Sheet,,Second Floor,JI-R,0,,11
JVIS-346,1,Manual,,,Second Floor,JVIS,0,,9
JVIS-347,1,Book,Applications Handbook,,Second Floor,JVIS,0,,3
JVIS-348,1,Form,Record Form,,Second Floor,JVIS,0,,10
JVIS-349,1,Book,Questionnaire Booklet,,Second Floor,JVIS,0,,19
JVIS-350,1,Book,JVIS Basic Interest Descriptions (sheets),,Second Floor,JVIS,0,,14
KADI-351,1,Manual,Examiner's Manual,,Second Floor,KADI,0,,2
KADI-352,1,Form,Profile/Examiner Record Form Elementary,6 to 11,Second Floor,KADI,0,,3
KADI-353,1,Form,Profile/Examiner Record Form Secondary,12 to 21,Second Floor,KADI,0,,5
KTEA-3-354,1,USB Stick,,,Ask Clinic Admin,KTEA-3,0,,17
KTEA-3-355,1,Kit,Kit Contents: -,,Second Floor,KTEA-3,0,,13
KTEA-3-356,1,Form,Record Form Form B,,Second Floor,KTEA-3,0,,17
KTEA-3-357,1,Form,Response Booklet Form B,,Second Floor,KTEA-3,0,,13
LASSI-HS-358,1,Form,Record Form,,Second Floor,LASSI-HS,0,,9
MAB-359,1,Manual,,,Archive Third Floor,MAB,0,,20
MAB-360,1,Book,Multidimensional Aptitude Battery-Form L Performance,,Archive Third Floor,MAB,0,,2
MAB-361,1,Book,Multidimensional Aptitude Battery-Form L Verbal,,Archive Third Floor,MAB,0,,6
MAB-362,1,Form,Multidimensional Aptitude Battery - Performance***,,Archive Third Floor,MAB,0,,10
MAB-363,1,Form,Multidimensional Aptitude Battery - Verbal***,,Archive Third Floor,MAB,0,,16
MacArthur-Bates CDI-364,1,Form,Words and Sentences Record Form,,Archive Third Floor,MacArthur-Bates CDI,0,,12
MacArthur-Bates CDI-365,1,Form,Words and Gestures Record Form,,Archive Third Floor,MacArthur-Bates CDI,0,,7
MacArthur-Bates CDI-366,1,Manual,User's Guide and Technical Manual,,Archive Third Floor,MacArthur-Bates CDI,0,,1
MASC-367,1,Manual,Technical Manual,,Archive Third Floor,MASC,0,,8
MASC-368,1,Form,Record Form,,Archive Third Floor,MASC,0,,20
MASC 2-369,1,Manual,Technical Manual,,Second Floor,MASC 2,0,,20
MASC 2-370,1,Form,Self-Report Form,,Second Floor,MASC 2,0,,5
MASC 2-371,1,Form,Parent Form,,Second Floor,MASC 2,0,,9
MCMI-III-372,1,Manual,,,Archive Third Floor,MCMI-III,0,,1
M-Fast-373,1,Manual,Professional Manual,,Second Floor,M-Fast,0,,11
M-Fast-374,1,Form,Interview Booklet,,Second Floor,M-Fast,0,,4
MFD-375,1,Manual,Memory-for-Designs Test: Revised General Manual****,,Archive Third Floor,MFD,0,,7
MFF-376,1,Kit,"Report/scoring instructions, score sheet, testing binder",,Archive Third Floor,MFF,0,,20
MMPI-A-377,1,CD,Interpretive System Version 3.11,,Second Floor,MMPI-A,0,,1
MMPI-A-378,1,CD,Interpretive System Version 5.00,,Second Floor,MMPI-A,0,,20
MMPI-A-379,1,Manual,"Manual for Administration, Scoring, and Interpretation",,Second Floor,MMPI-A,0,,4
MMPI-A-380,1,Book,Hardcover Test Booklet,,Second Floor,MMPI-A,0,,9
MMPI-A-381,1,Book,Softcover Test Booklet,,Second Floor,MMPI-A,0,,4
MMPI-A-382,1,Form,Answer Sheet for Hardcover,,Second Floor,MMPI-A,0,,15
MMPI-A-383,1,Manual,User's Guide,,,MMPI-A,0,,17
MMPI-A-384,1,Manual,Manual Supplement,,,MMPI-A,0,,2
MMPI-A-385,1,CD,Audio CD,,,MMPI-A,0,,18
MMPI-A-386,1,,Validity/Clinical Scales Answer Key Set For Softcover,,,MMPI-A,0,,15
MMPI-A-387,1,,Validity/Clinical Scales Answer Key Set For Hardcover,,,MMPI-A,0,,13
MMPI-A-388,1,,Clinical Subscales Answer Key Set For Softcover,,,MMPI-A,0,,15
MMPI-A-389,1,,Clinical Subscales Answer Key Set For Hardcover,,,MMPI-A,0,,8
MMPI-A-390,1,,Content/Supplementary Scales Answer Key Set For Softcover,,,MMPI-A,0,,2
MMPI-A-391,1,,Content/Supplementary Scales Answer Key Set For Hardcover,,,MMPI-A,0,,1
MMPI-A-392,1,,Content Component Scales Answer Key Set For Softcover,,,MMPI-A,0,,7
MMPI-A-393,1,,Content Component Scales Answer Key Set For Hardcover,,,MMPI-A,0,,19
MMPI-A-394,1,Form,Answer Sheet for Softcover,,,MMPI-A,0,,4
MMPI-A-395,1,Form,Handscore Answer Sheet For Softcover,,,MMPI-A,0,,5
MMPI-A-396,1,Form,Handscore Answer Sheet For Hardcover,,,MMPI-A,0,,5
MMPI-A-397,1,Form,Validity/Clinical Scales Profile Forms,,,MMPI-A,0,,9
MMPI-A-398,1,Form,Clinical Subscales Profile Forms,,,MMPI-A,0,,10
MMPI-A-399,1,Form,Content Scales Profile Forms,,,MMPI-A,0,,15
MMPI-A-400,1,Form,Content Component Scales Profile Forms,,,MMPI-A,0,,7
MMPI-A-401,1,Form,Supplementary Scales Profile Forms,,,MMPI-A,0,,20
MMPI-A-402,1,,Content Component Scales Test Monograph,,,MMPI-A,0,,1
MMPI-A-403,1,,Critical Item Set Test Monograph,,,MMPI-A,0,,16
MMPI-A-404,1,,Assessing Readability Test Monograph,,,MMPI-A,0,,17
MMPI-A-405,1,Scoring,,,Computer-184 Side,MMPI-A,0,,13
MMPI-A-RF-406,1,Form,Profile for Validity Scales,,Second Floor,MMPI-A-RF,0,,17
MMPI-A-RF-407,1,Form,Profile for Higher-Order (H-O) and Restructured Clinical (RC) Scales,,Second Floor,MMPI-A-RF,0,,13
MMPI-A-RF-408,1,Form,Profile for Somatic/Cognitive and Internalizing Scales,,Second Floor,MMPI-A-RF,0,,17
MMPI-A-RF-409,1,Form,Profile for Externalizing and Interpersonal Scales,,Second Floor,MMPI-A-RF,0,,14
MMPI-A-RF-410,1,Form,Profile for Personality Psychopathology Five (PSY-5) Scales,,Second Floor,MMPI-A-RF,0,,4
MMPI-A-RF-411,1,Form,Hand-Scoring Answer Sheet,,Second Floor,MMPI-A-RF,0,,9
MMPI-A-RF-412,1,Book,Durable Spiral-Bound Test Booklet,,Second Floor,MMPI-A-RF,0,,17
MMPI-A-RF-413,1,Manual,,,,MMPI-A-RF,0,,12
MMPI-A-RF-414,1,Manual,User's Guide For Reports,,,MMPI-A-RF,0,,13
MMPI-A-RF-415,1,CD,Audio CD,,,MMPI-A-RF,0,,18
MMPI-A-RF-416,1,Book,Softcover Test Booklet,,,MMPI-A-RF,0,,17
MMPI-A-RF-417,1,,Validity Scales Answer Key Set,,,MMPI-A-RF,0,,8
MMPI-A-RF-418,1,,Higher-Order and Restructured Clinical Answer Key Set,,,MMPI-A-RF,0,,13
MMPI-A-RF-419,1,,Externalizing and Interpersonal Scales Answer Key Set,,,MMPI-A-RF,0,,15
MMPI-A-RF-420,1,,Somatic/Cognitive and Internalizing Answer Key Set,,,MMPI-A-RF,0,,4
MMPI-A-RF-421,1,,PSY-5 Handscore Answer Key Set,,,MMPI-A-RF,0,,12
MMPI-2-422,1,CD,Adult Interpretive System Version 3,,Second Floor,MMPI-2,0,,12
MMPI-2-423,1,Manual,Professional Manual,,Second Floor,MMPI-2,0,,1
MMPI-2-424,1,Manual,User's Guide,,Second Floor,MMPI-2,0,,19
MMPI-2-425,1,Manual,Manual for administration and scoring,,Second Floor,MMPI-2,0,,13
MMPI-2-426,1,Book,Softcover Test Booklet,,Second Floor,MMPI-2,0,,6
MMPI-2-427,1,Form,Profile for Supplementary Scales***,,Second Floor,MMPI-2,0,,16
MMPI-2-428,1,Form,Profile for Basic Scales***,,Second Floor,MMPI-2,0,,20
MMPI-2-429,1,Form,Profile for Content Scales***,,Second Floor,MMPI-2,0,,4
MMPI-2-430,1,Form,Softcover Answer Sheet Handscoring,,Second Floor,MMPI-2,0,,2
MMPI-2-431,1,Form,TRIN Scale Recording Grid,,Second Floor,MMPI-2,0,,15
MMPI-2-432,1,Form,VRIN Scale Recording Grid,,Second Floor,MMPI-2,0,,5
MMPI-2-433,1,Scoring,,,Computer-184 Side,MMPI-2,0,,14
MMPI-2-434,1,Manual,,,Computer-184 Side,MMPI-2,0,,8
MMPI-2-RF-435,1,Form,Answer Sheet,,Second Floor,MMPI-2-RF,0,,13
Movement ABC-436,1,Form,Checklist,,Second Floor,Movement ABC,0,,16
Movement ABC-437,1,Form,Record Form Age Band 1,4 to 6,Second Floor,Movement ABC,0,,5
Movement ABC-438,1,Form,Record Form Age Band 2,7 to 8,Second Floor,Movement ABC,0,,16
Movement ABC-439,1,Form,Record Form Age Band 3,9 to 10,Second Floor,Movement ABC,0,,20
Movement ABC-440,1,Form,Record Form Age Band 4,11 to 12,Second Floor,Movement ABC,0,,13
MSEI-441,1,Manual,Professional Manual,,Second Floor,MSEI,0,,3
MSEI-442,1,Form,Item Booklet,,Second Floor,MSEI,0,,18
MSEI-443,1,Form,Rating Sheet,,Second Floor,MSEI,0,,13
MSEI-444,1,Form,Profile Form,,Second Floor,MSEI,0,,5
MSEL-445,1,Manual,,,Second Floor,MSEL,0,,17
MSEL-446,1,Book,Stimulus Book,,Second Floor,MSEL,0,,13
MSEL-447,1,Form,Record Form,,Second Floor,MSEL,0,,2
MSEL-448,1,,Test Materials,,,MSEL,0,,11
MTDDA-449,1,Kit,"Manual, clinical record of patient forms, card materials",,Archive Third Floor,MTDDA,0,,7
NAART-450,1,Book,Sheet of words,,Archive Third Floor,NAART,0,,2
NAART-451,1,Book,Sample scoring sheet,,Archive Third Floor,NAART,0,,10
NDRT-452,1,Manual,Manual for Scoring and Interpretation Forms G and H,,Second Floor,NDRT,0,,13
NDRT-453,1,Manual,Directions for Administration Forms G and H,,Second Floor,NDRT,0,,18
NDRT-454,1,Book,Test Booklet Form G,,Second Floor,NDRT,0,,13
NDRT-455,1,Form,Self-Scorable Answer Sheet For use with forms G and H only,,Second Floor,NDRT,0,,4
NDRT-456,1,Form,Personal Record Forms G and H,,Second Floor,NDRT,0,,1
NDRT-457,1,Form,Class Record Sheet Forms G and H,,Second Floor,NDRT,0,,15
NEO PI-R-458,1,Manual,Professional Manual,,Second Floor,NEO PI-R,0,,10
NEO PI-R-459,1,Form,Hand-Scoring Answer Sheet,,Second Floor,NEO PI-R,0,,13
NEO PI-R-460,1,Form,Item Booklet - Form S,,Second Floor,NEO PI-R,0,,14
NEO PI-R-461,1,Form,Item Booklet - Form R (Women),,Second Floor,NEO PI-R,0,,18
NEO PI-R-462,1,Form,Item Booklet - Form R (Men),,Second Floor,NEO PI-R,0,,1
NEO PI-R-463,1,Form,Form R (Ratings) Profile Form,,Second Floor,NEO PI-R,0,,9
NEO PI-R-464,1,Form,Form S (Self-Report) Profile Form,,Second Floor,NEO PI-R,0,,14
NEO PI-R-465,1,,Bibliography for the NEO PI-R and NEO-FFI,,Second Floor,NEO PI-R,0,,19
NEO PI-R-466,1,Form,College Student Profile Form,,,NEO PI-R,0,,1
NEPSY-467,1,Form,Record Form,3 to 4,Archive Third Floor,NEPSY,0,,10
NEPSY-468,1,Form,Record Form,5 to 12,Archive Third Floor,NEPSY,0,,14
NEPSY-469,1,Form,Response Booklet,3 to 4,Archive Third Floor,NEPSY,0,,7
NEPSY-470,1,Form,Response Booklet,5 to 12,Archive Third Floor,NEPSY,0,,9
NEPSY-II-471,1,Kit,Kit Contents: -,,Second Floor,NEPSY-II,0,,7
NEPSY-II-472,1,Form,Record Form,3 to 4,Second Floor,NEPSY-II,0,,9
NEPSY-II-473,1,Form,Response Booklet,3 to 4,Second Floor,NEPSY-II,0,,11
NEPSY-II-474,1,Form,Response Booklet,5 to 16,Second Floor,NEPSY-II,0,,11
NINA-475,1,Form,Record Form,2 to 4,Second Floor,NINA,0,,1
NINA-476,1,Form,Record Form,5 to 8,Second Floor,NINA,0,,13
NINA-477,1,Form,Record Form,9 and up,Second Floor,NINA,0,,7
PAI-478,1,Manual,Professional Manual,,Second Floor,PAI,0,,11
PAI-479,1,Book,Item Booklet,,Second Floor,PAI,0,,20
PAI-480,1,Form,Profile Form,,Second Floor,PAI,0,,11
PAI-481,1,Form,Critical Items Form,,Second Floor,PAI,0,,11
PAI-482,1,Form,Answer Sheet,,Second Floor,PAI,0,,16
PAI-483,1,Form,Structural Summary Form,,,PAI,0,,7
PAI-A-484,1,Manual,Professional Manual,,Second Floor,PAI-A,0,,19
PAI-A-485,1,Book,Item Booklet,,Second Floor,PAI-A,0,,6
PAI-A-486,1,Form,Profile Form,,Second Floor,PAI-A,0,,17
PAI-A-487,1,Form,Critical Items Form,,Second Floor,PAI-A,0,,1
PAI-A-488,1,Form,Answer Sheet,,Second Floor,PAI-A,0,,2
PAL-II-489,1,Form,Response Booklet for Reading and Writing,,Second Floor,PAL-II,0,,20
PAL-II-490,1,Form,Record Form for Reading and Writing,,Second Floor,PAL-II,0,,10
PAL-II-491,1,Form,Response Booklet for Math,,Second Floor,PAL-II,0,,13
PAL-II-492,1,Form,Record Form for Math,,Second Floor,PAL-II,0,,19
PAL-II-493,1,Manual,Reading/Writing Administration and Scoring Manual,,,PAL-II,0,,6
PAL-II-494,1,Book,Reading/Writing Stimulus Book,,,PAL-II,0,,19
PAL-II-495,1,Book,Reading/Writing Stimulus Booklet A,,,PAL-II,0,,13
PAL-II-496,1,Book,Reading/ Writing Stimulus Booklet B,,,PAL-II,0,,14
PAL-II-497,1,Manual,Math Administration and Scoring Manual,,,PAL-II,0,,18
PAL-II-498,1,Book,Math Stimulus Book,,,PAL-II,0,,5
PAL-II-499,1,Book,Math Stimulus Booklet,,,PAL-II,0,,12
PAL-II-500,1,,Talking Letters Student Guides,,,PAL-II,0,,14
PANSS-501,1,Manual,,,Archive Third Floor,PANSS,0,,18
PANSS-502,1,Form,QuikScore Form,,Archive Third Floor,PANSS,0,,14
PANSS (SCI-PANSS)-503,1,Form,Booklet,,Archive Third Floor,PANSS (SCI-PANSS),0,,2
PCL-5-504,1,Form,,,Online Platform,PCL-5,0,,4
PDS-505,1,Form,Hand-Scoring Answer Sheet,,Archive Third Floor,PDS,0,,7
PDS-506,1,Form,Hand-Scoring Worksheet,,Archive Third Floor,PDS,0,,1
PDS-507,1,Book,Hand-Scoring Directions,,Archive Third Floor,PDS,0,,2
PHQ-9-508,1,Form,,,Online Platform,PHQ-9,0,,19
PIAT-R-509,1,Form,Combined Test Record & Written Expression Response Booklet,,Second Floor,PIAT-R,0,,8
Piers-Harris 2-510,1,Manual,,,Second Floor,Piers-Harris 2,0,,1
Piers-Harris 2-511,1,Install Disk,2-Use Intro Disk,,Second Floor,Piers-Harris 2,0,,17
Piers-Harris 2-512,1,Form,Profile Sheet,,Second Floor,Piers-Harris 2,0,,11
Piers-Harris 2-513,1,Form,PC Answer Sheet,,Second Floor,Piers-Harris 2,0,,3
PLS-4-514,1,Form,Record Form,,Second Floor,PLS-4,0,,20
PLS-4-515,1,Manual,Examiner's Manual,,,PLS-4,0,,3
PLS-4-516,1,Manual,Picture Manual,,,PLS-4,0,,4
POMS-517,1,Manual,,,Archive Third Floor,POMS,0,,12
POMS-518,1,Form,Record Form***,,Archive Third Floor,POMS,0,,8
POMS-519,1,Form,Profile Sheet,,Archive Third Floor,POMS,0,,6
PPVT-3-520,1,Book,TestKit for Form IIIB,,Archive Third Floor,PPVT-3,0,,9
PPVT-3-521,1,Form,Performance Record Form IIIA,,Archive Third Floor,PPVT-3,0,,13
PPVT-3-522,1,Form,Performance Record Form IIIB,,Archive Third Floor,PPVT-3,0,,8
PPVT-4-523,1,CD,ASSIST Scoring and Reporting System Version 1.1,,Archive Third Floor,PPVT-4,0,,19
PPVT-4-524,1,Form,Record Form Form A,,Archive Third Floor,PPVT-4,0,,11
PPVT-4-525,1,Form,Record Form Form B,,Archive Third Floor,PPVT-4,0,,11
PPVT-5-526,1,Kit,Kit Contents: - Manual and question book Form A,,Second Floor,PPVT-5,0,,12
PPVT-5-527,1,Form,Record Form Form A,,Second Floor,PPVT-5,0,,7
PRF-528,1,Manual,,,Archive Third Floor,PRF,0,,17
PRF-529,1,Book,Form E,,Archive Third Floor,PRF,0,,18
PSI-530,1,Manual,,,Archive Third Floor,PSI,0,,8
PSI-531,1,Form,Form B***,,Archive Third Floor,PSI,0,,7
PSI-4-532,1,Manual,Professional Manual,,Second Floor,PSI-4,0,,2
PSI-4-533,1,Form,Item Booklet,,Second Floor,PSI-4,0,,8
PSI-4-534,1,Form,Answer Sheet,,Second Floor,PSI-4,0,,11
PSI-4-535,1,Form,Profile Form,,Second Floor,PSI-4,0,,18
PsychManager Lite-536,1,Manual,Quick Start Manual,,Archive Third Floor,PsychManager Lite,0,,1
PsychManager Lite-537,1,CD,Installation Instructions,,Archive Third Floor,PsychManager Lite,0,,18
Q-Sort-538,1,Kit,"Sampler Set Instructions, Cards, and Sorting Guide",,Archive Third Floor,Q-Sort,0,,16
RADS-2-539,1,Manual,Professional Manual,,Second Floor,RADS-2,0,,3
RADS-2-540,1,Form,Test Booklet,,Second Floor,RADS-2,0,,15
RADS-2-541,1,Form,Summary/Profile Form,,Second Floor,RADS-2,0,,16
RCFT-542,1,Manual,Professional Manual,,Second Floor,RCFT,0,,16
RCFT-543,1,Manual,Supplemental Norms for Children and Adolescents,,Second Floor,RCFT,0,,4
RCFT-544,1,Form,Test Booklet,,Second Floor,RCFT,0,,9
RCFT-545,1,,Folder with testing sheets/materials,,Second Floor,RCFT,0,,3
RDLS-546,1,Form,Record Form,,Second Floor,RDLS,0,,15
RIAP5-547,1,CD,Version 5,,Archive Third Floor,RIAP5,0,,7
Roberts-548,1,Manual,,,Archive Third Floor,Roberts,0,,9
Roberts-549,1,Book,Test Pictures,,Archive Third Floor,Roberts,0,,11
Roberts-550,1,Form,Record Booklet,,Archive Third Floor,Roberts,0,,10
Roberts-2-551,1,Form,Record Form/Scoring Profile,,Second Floor,Roberts-2,0,,2
Roberts-2-552,1,Manual,Manual,,,Roberts-2,0,,3
Roberts-2-553,1,,Test Pictures,,,Roberts-2,0,,12
Roberts-2-554,1,,Casebook,,,Roberts-2,0,,1
Roberts-2-555,1,,Quick Reference Guide,,,Roberts-2,0,,13
Rorschach-556,1,Kit,"Manual, plates, protocol booklets, record forms, inkblot pages",,Archive Third Floor,Rorschach,0,,20
RPAI:R/PAI-557,1,Manual,Manual of Directions,,Archive Third Floor,RPAI:R/PAI,0,,7
RPAI:R-558,1,Manual,***,,Archive Third Floor,RPAI:R,0,,7
RPAI:R-559,1,Form,Girl's Booklet,,Archive Third Floor,RPAI:R,0,,15
RPAI:R-560,1,Form,Boy's Booklet,,Archive Third Floor,RPAI:R,0,,1
RSCA-561,1,Manual,,,Second Floor,RSCA,0,,9
RSCA-562,1,Form,Combination Booklet,,Second Floor,RSCA,0,,13
RSCA-563,1,Form,Emotional Reactivity Scale Booklet,,,RSCA,0,,14
RSCA-564,1,Form,Sense of Mastery Scale Booklet,,,RSCA,0,,20
RSCA-565,1,Form,Sense of Relatedness Scale Booklet,,,RSCA,0,,10
SB-5-566,1,Kit,Kit Contents: -,,Second Floor,SB-5,0,,15
SB-5-567,1,Form,Record Form,,Second Floor,SB-5,0,,3
SCL-90-R-568,1,Form,Scoring Worksheet,,Archive Third Floor,SCL-90-R,0,,18
SCQ-569,1,Manual,,,Second Floor,SCQ,0,,12
SCQ-570,1,Form,AutoScore Form Lifetime,,Second Floor,SCQ,0,,5
SCQ-571,1,Form,AutoScore Form Current,,Second Floor,SCQ,0,,9
SEI-572,1,Manual,,,Archive Third Floor,SEI,0,,9
SIB-R-573,1,Manual,Comprehensive Manual,,Second Floor,SIB-R,0,,6
SIB-R-574,1,Book,Interview Book,,Second Floor,SIB-R,0,,15
SIB-R-575,1,Form,Response Booklet Early Development Form,,Second Floor,SIB-R,0,,14
SIB-R-576,1,Form,Individual Plan Recommendations Early Development Form,,Second Floor,SIB-R,0,,18
SIB-R-577,1,Form,Response Booklet Short Form,,Second Floor,SIB-R,0,,4
SIB-R-578,1,Form,Individual Plan Recommendations Short Form,,Second Floor,SIB-R,0,,1
SIB-R-579,1,Form,Response Booklet Full Scale,,Second Floor,SIB-R,0,,20
SIPA-580,1,Manual,Professional Manual,,Second Floor,SIPA,0,,14
SIPA-581,1,Form,Item Booklet,,Second Floor,SIPA,0,,13
SIPA-582,1,Form,Answer Sheet,,Second Floor,SIPA,0,,1
SIQ-583,1,Manual,Preliminary Manual,,Second Floor,SIQ,0,,10
SIQ-584,1,Form,Record Form***,,Second Floor,SIQ,0,,13
SIQ-JR-585,1,Form,Record Form***,,Second Floor,SIQ-JR,0,,20
SIRS-586,1,Manual,Professional Manual,,Archive Third Floor,SIRS,0,,15
SIRS-587,1,Form,Interview Booklet,,Archive Third Floor,SIRS,0,,19
SRS-2-588,1,Manual,,,Second Floor,SRS-2,0,,10
SRS-2-589,1,Form,"Profile Sheet School-Age (Package with male, female, and AutoScore forms)",,Second Floor,SRS-2,0,,14
SRS-2-590,1,Form,Profile Sheet Adult (Self-Report),,Second Floor,SRS-2,0,,2
SRS-2-591,1,Form,Profile Sheet Preschool,,Second Floor,SRS-2,0,,1
SRS-2-592,1,Form,Profile Sheet Adult (Relative/Other Report),,Second Floor,SRS-2,0,,1
SRS-2-593,1,Manual,,,Online Platform,SRS-2,0,,15
SRS-2-594,1,Form,School-Age Form,4 to 18,Online Platform,SRS-2,0,,11
SRS-2-595,1,Form,Adult Relative/Other Report Form,19 & up,Online Platform,SRS-2,0,,12
SRS-2-596,1,Form,Adult Self-Report Form,19 & up,Online Platform,SRS-2,0,,7
STAI-597,1,Manual,,,Archive Third Floor,STAI,0,,19
STAI-598,1,Form,STAI Form X-1,,Archive Third Floor,STAI,0,,3
STAIC-599,1,Manual,Preliminary Manual,,Archive Third Floor,STAIC,0,,3
STAIC-600,1,Form,STAIC Form C-1 & C-2,,Archive Third Floor,STAIC,0,,15
Stroop-601,1,Manual,A Manual for Clinical and Experimental Uses,,Archive Third Floor,Stroop,0,,16
TAT-602,1,Kit,"Manuals, record forms, test cards",,Archive Third Floor,TAT,0,,5
TEA-Ch-603,1,Form,Procedural Guide and Scoring Sheet,,Second Floor,TEA-Ch,0,,17
TEA-Ch-604,1,Manual,,,,TEA-Ch,0,,14
TOLD-605,1,Kit,,,Archive Third Floor,TOLD,0,,9
TOMM-606,1,Manual,,,Second Floor,TOMM,0,,14
TOMM-607,1,Book,Trial 1,,Second Floor,TOMM,0,,4
TOMM-608,1,Book,Trial 2,,Second Floor,TOMM,0,,17
TOMM-609,1,Book,Retention Trial,,Second Floor,TOMM,0,,9
TOMM-610,1,Form,Score Sheet,,Second Floor,TOMM,0,,10
TOWRE-611,1,Manual,Examiner's Manual,,Second Floor,TOWRE,0,,12
TOWRE-612,1,Form,Profile/Examiner Record Booklet Form A,,Second Floor,TOWRE,0,,18
TOWRE-613,1,Form,Profile/Examiner Record Booklet Form B,,Second Floor,TOWRE,0,,12
TOWRE-614,1,,Folder with testing sheets/materials,,Second Floor,TOWRE,0,,3
TSCC-615,1,Manual,Professional Manual,,Second Floor,TSCC,0,,16
TSCC-616,1,Form,Profile Form: Females,8 to 12,Second Floor,TSCC,0,,16
TSCC-617,1,Form,Profile Form: Males,8 to 12,Second Floor,TSCC,0,,5
TSCC-618,1,Form,Booklet,,Second Floor,TSCC,0,,5
TSI-619,1,Manual,Professional Manual,,Archive Third Floor,TSI,0,,4
TSI-620,1,Form,Profile Form: Females,,Archive Third Floor,TSI,0,,6
TSI-621,1,Form,Profile Form: Males,,Archive Third Floor,TSI,0,,15
TSI-622,1,Form,Item Booklet,,Archive Third Floor,TSI,0,,6
TSI-623,1,Form,Answer Sheet,,Archive Third Floor,TSI,0,,1
TSI-2-624,1,Manual,Professional Manual,,Second Floor,TSI-2,0,,2
TSI-2-625,1,Form,Profile Form,,Second Floor,TSI-2,0,,4
TSI-2-626,1,Form,Item Booklet,,Second Floor,TSI-2,0,,20
TSI-2-627,1,Form,Answer Sheet,,Second Floor,TSI-2,0,,20
Vineland-II-628,1,Manual,Survey Forms Manual,,Archive Third Floor,Vineland-II,0,,9
Vineland-II-629,1,Form,Record Booklet Survey Interview Form,,Archive Third Floor,Vineland-II,0,,15
Vineland-II-630,1,Form,Record Booklet Parent/Caregiver Rating Form,,Archive Third Floor,Vineland-II,0,,14
Vineland-II-631,1,Form,Survey Forms Report to Caregivers,,Archive Third Floor,Vineland-II,0,,16
Vineland-II-632,1,Form,Survey Forms Report to Parents,,Archive Third Floor,Vineland-II,0,,17
Vineland-3-633,1,Manual,,,Second Floor,Vineland-3,0,,14
Vineland-3-634,1,Form,Domain-Level Interview Form,,Second Floor,Vineland-3,0,,15
Vineland-3-635,1,Form,Domain-Level Parent/Caregiver Form,,Second Floor,Vineland-3,0,,8
Vineland-3-636,1,Form,Domain-Level Teacher Form,,Second Floor,Vineland-3,0,,17
Vineland-3-637,1,Form,Comprehensive Interview Form,,Second Floor,Vineland-3,0,,4
Vineland-3-638,1,Form,Comprehensive Interview Form Without Item-Level Probes,,Second Floor,Vineland-3,0,,8
Vineland-3-639,1,Form,Comprehensive Parent/Caregiver Form,,Second Floor,Vineland-3,0,,6
Vineland-3-640,1,Form,Comprehensive Teacher Form,,Second Floor,Vineland-3,0,,16
VS-641,1,Manual,"Theory, Application, and Research",,Archive Third Floor,VS,0,,4
WAIS-III-642,1,Kit,French version (in kit with WISC-IV French),,Archive Third Floor,WAIS-III,0,,3
WAIS-III-643,1,Form,Record Form,,Archive Third Floor,WAIS-III,0,,8
WAIS-III-644,1,Form,Response Booklet,,Archive Third Floor,WAIS-III,0,,16
WAIS-III-645,1,CD,Scoring Assistant Windows Version 1.0,,Archive Third Floor,WAIS-III,0,,20
WAIS-III-646,1,Install Disk,Scoring Assistant Windows Version 1.0,,Archive Third Floor,WAIS-III,0,,16
WAIS-III-WMS-III-WIAT-II-647,1,CD,Scoring Assistant Windows Version 1.0.2,,Archive Third Floor,WAIS-III-WMS-III-WIAT-II,0,,7
WAIS-III-WMS-III-WIAT-II-648,1,Install Disk,Scoring Assistant Windows Version 1.0.2,,Archive Third Floor,WAIS-III-WMS-III-WIAT-II,0,,4
WAIS-IV-649,1,CD,Scoring Assistant Windows Version 1.0.0,,Second Floor,WAIS-IV,0,,20
WAIS-IV-650,1,Kit,,,Second Floor,WAIS-IV,0,,12
WAIS-IV-651,1,Form,Record Form,,Second Floor,WAIS-IV,0,,5
WAIS-IV-652,1,Form,Response Booklet 1 Symbol Search Coding,,Second Floor,WAIS-IV,0,,17
WAIS-IV-653,1,Form,Response Booklet 2 Cancellation,,Second Floor,WAIS-IV,0,,12
WAIS-IV-654,1,Scoring,,,Computer-184 Side,WAIS-IV,0,,19
WAIS-655,1,Scoring,,,Online Platform,WAIS,0,,1
WASI-656,1,Form,Record Form,,Archive Third Floor,WASI,0,,7
WASI-II-657,1,Kit,,,Second Floor,WASI-II,0,,19
WASI-II-658,1,Form,Record Form,,Second Floor,WASI-II,0,,10
WCST-659,1,Kit,Materials for practice in administration and scoring,,Second Floor,WCST,0,,8
WCST-660,1,Manual,Revised and Expanded,,Second Floor,WCST,0,,15
WCST-661,1,Form,Record Booklet,,Second Floor,WCST,0,,9
WIAT-II-662,1,Form,Record Form,,Archive Third Floor,WIAT-II,0,,8
WIAT-II-663,1,Form,Response Booklet,,Archive Third Floor,WIAT-II,0,,8
WIAT-II-664,1,Install Disk,Scoring Assistant Windows Version 1.0,,Archive Third Floor,WIAT-II,0,,7
WIAT-II-665,1,CD,Scoring Assistant Windows Version 1.0,,Archive Third Floor,WIAT-II,0,,17
WIAT-III-666,1,Kit,,,Second Floor,WIAT-III,0,,8
WIAT-III-667,1,CD,Audio CD,,Second Floor,WIAT-III,0,,8
WIAT-III-668,1,CD,Scoring Assistant Windows Version 1.0,,Second Floor,WIAT-III,0,,4
WIAT-III-669,1,CD,Scoring Assistant Windows Version 1.0.2,,Second Floor,WIAT-III,0,,19
WIAT-III-670,1,CD,Technical Manual with Supplementary Materials,,Second Floor,WIAT-III,0,,2
WIAT-III-671,1,Form,Record Form,,Second Floor,WIAT-III,0,,13
WIAT-III-672,1,Form,Response Booklet,,Second Floor,WIAT-III,0,,4
WIAT-673,1,Scoring,,,Online Platform,WIAT,0,,3
WISC-III-674,1,Form,Canadian Record Form,,Archive Third Floor,WISC-III,0,,13
WISC-III-675,1,Form,Mazes Response Booklet,,Archive Third Floor,WISC-III,0,,16
WISC-III-676,1,Form,Symbol Search Response Booklet,,Archive Third Floor,WISC-III,0,,7
WISC-IV-677,1,Kit,French version (in kit with WAIS-III French),,Archive Third Floor,WISC-IV,0,,13
WISC-IV-678,1,CD,Scoring Assistant Windows Version 1.0.3,,Archive Third Floor,WISC-IV,0,,3
WISC-IV-679,1,Manual,,,Archive Third Floor,WISC-IV,0,,7
WISC-IV-680,1,Book,Technical Report #4 General Ability Index,,Archive Third Floor,WISC-IV,0,,6
WISC-IV-681,1,Form,Record Form Canadian Edition,,Archive Third Floor,WISC-IV,0,,13
WISC-IV-682,1,Form,Integrated Record Form,,Archive Third Floor,WISC-IV,0,,10
WISC-IV-683,1,Form,Coding Symbol Search Response Booklet 1***,,Archive Third Floor,WISC-IV,0,,2
WISC-IV-684,1,Form,Cancellation Response Booklet 2,,Archive Third Floor,WISC-IV,0,,16
WISC-IV-685,1,Form,Integrated Response Booklet 3,,Archive Third Floor,WISC-IV,0,,7
WISC-V-686,1,Kit,,,Second Floor,WISC-V,0,,20
WISC-V-687,1,Form,Record Form***,,Second Floor,WISC-V,0,,16
WISC-V-688,1,Form,Response Booklet 1*** Coding Symbol Search,,Second Floor,WISC-V,0,,8
WISC-V-689,1,Form,Response Booklet 2*** Cancellation,,Second Floor,WISC-V,0,,10
WIST-690,1,Manual,Objective Measurement of Schizophrenic Thinking: A Practical and Theoretical Guide to the Whitaker Index of Schizophrenic Thinking,,Archive Third Floor,WIST,0,,4
WJ III-691,1,CD,Compuscore and Profiles Program Version 2.1,,Archive Third Floor,WJ III,0,,8
WJ III-692,1,Form,Test Record Tests of Cognitive Abilities Standard and Extended Batteries,,Archive Third Floor,WJ III,0,,12
WJ III-693,1,Form,Subject Response Booklet Tests of Cognitive Abilities Extended Battery,,Archive Third Floor,WJ III,0,,9
WJ IV-694,1,Book,Test Book Tests of Oral Language Tests 1-12,,Second Floor,WJ IV,0,,18
WJ IV-695,1,CD,Tests of Oral Language Audio Recording,,Second Floor,WJ IV,0,,9
WJ IV-696,1,CD,Tests of Cognitive Abilities Audio Recording,,Second Floor,WJ IV,0,,3
WJ IV-697,1,Form,Test Record Tests of Oral Language,,Second Floor,WJ IV,0,,18
WJ IV-698,1,Book,Examiner Training Workbook Tests of Achievement,,Second Floor,WJ IV,0,,1
WJ IV-699,1,Book,Examiner Training Workbook Tests of Cognitive Abilities,,Second Floor,WJ IV,0,,10
WJ IV-700,1,Book,Examiner Training Workbook Tests of Oral Language,,Second Floor,WJ IV,0,,12
WJ IV-701,1,Manual,Tests of Achievement,,Second Floor,WJ IV,0,,18
WJ IV-702,1,Manual,Tests of Cognitive Abilities,,Second Floor,WJ IV,0,,9
WJ IV-703,1,Manual,Tests of Oral Language,,Second Floor,WJ IV,0,,11
WJ IV-704,1,CD,Tests of Achievement Audio Recording,,Second Floor,WJ IV,0,,17
WJ IV-705,1,Book,Standard Test Book** Tests of Achievement Form A Tests 1-11,,Second Floor,WJ IV,0,,2
WJ IV-706,1,Book,Extended Test Book Tests of Achievement Tests 12-20,,Second Floor,WJ IV,0,,12
WJ IV-707,1,Book,Standard Test Book Tests of Cognitive Abilities Tests 1-10,,Second Floor,WJ IV,0,,17
WJ IV-708,1,Book,Extended Test Book Tests of Cognitive Abilities Tests 11-18,,Second Floor,WJ IV,0,,10
WJ IV-709,1,Form,Response Booklet Tests of Achievement Standard and Extended Batteries Form A,,Second Floor,WJ IV,0,,14
WJ IV-710,1,Book,"Scoring Guides Test 9, 10, and 15 Tests of Achievement Form A",,Second Floor,WJ IV,0,,2
WJ IV-711,1,Form,Test Record Tests of Achievement Standard and Extended Batteries Form A,,Second Floor,WJ IV,0,,1
WJ IV-712,1,Form,Response Booklet Tests of Cognitive Abilities Standard and Extended Batteries,,Second Floor,WJ IV,0,,5
WJ IV-713,1,Book,"Scoring Guides Test 4, 11, & 17 Tests of Cognitive Abilities",,Second Floor,WJ IV,0,,5
WJ IV-714,1,Form,Test Record Tests of Cognitive Abilities Standard and Extended Batteries,,Second Floor,WJ IV,0,,1
WMS-IV-715,1,CD,Scoring Assistant Windows Version 1.0,,Second Floor,WMS-IV,0,,16
WMS-IV-716,1,CD,Training CD,,Second Floor,WMS-IV,0,,17
WMS-IV-717,1,Form,Response Booklet for Brief Cognitive Status Exam and Visual Reproduction I and II,,Second Floor,WMS-IV,0,,6
WMS-IV-718,1,Form,Record Form Adult Battery,16 to 69,Second Floor,WMS-IV,0,,13
WMS-IV-719,1,Form,Record Form Older Adult Battery,65 to 90,Second Floor,WMS-IV,0,,6
WMS-IV-720,1,Kit,Testing materials Scoring Template Stimulus books 1 and 2 2 manuals,,Second Floor,WMS-IV,0,,18
WMT-721,1,Manual,For Windows,,Second Floor,WMT,0,,13
WMT-722,1,CD,,,Second Floor,WMT,0,,3
WPPSI-III-723,1,Form,Record Form,2:6 to 3:11,Archive Third Floor,WPPSI-III,0,,11
WPPSI-III-724,1,Form,Record Form,4:0 to 7:3,Archive Third Floor,WPPSI-III,0,,8
WPPSI-III-725,1,Form,Response Booklet,,Archive Third Floor,WPPSI-III,0,,14
WPPSI-IV-726,1,Kit,,,Second Floor,WPPSI-IV,0,,13
WPPSI-IV-727,1,Form,Record Form,2:6 to 3:11,Second Floor,WPPSI-IV,0,,5
WPPSI-IV-728,1,Form,Record Form,4:0 to 7:7,Second Floor,WPPSI-IV,0,,13
WPPSI-IV-729,1,Form,Response Booklet 1 Bug Search,,Second Floor,WPPSI-IV,0,,15
WPPSI-IV-730,1,Form,Response Booklet 2 Cancellation,,Second Floor,WPPSI-IV,0,,16
WPPSI-IV-731,1,Form,Response Booklet 3 Animal Coding,,Second Floor,WPPSI-IV,0,,7
WRAML2-732,1,Kit,,,Archive Third Floor,WRAML2,0,,12
WRAML2-733,1,Form,Picture Memory Response Form,,Archive Third Floor,WRAML2,0,,13
WRAML2-734,1,Form,Picture Memory Recognition Form,,Archive Third Floor,WRAML2,0,,14
WRAML2-735,1,Form,Design Memory Response Form,,Archive Third Floor,WRAML2,0,,4
WRAML2-736,1,Form,Design Memory Recognition Form,,Archive Third Floor,WRAML2,0,,17
WRAML3-737,1,Kit,,,Second Floor,WRAML3,0,,19
WRAML3-738,1,Form,Brief Record Form,,Second Floor,WRAML3,0,,12
WRAML3-739,1,Form,Brief Response Booklet,,Second Floor,WRAML3,0,,14
WRAML3-740,1,Form,Record Form,,Second Floor,WRAML3,0,,1
WRAML3-741,1,Form,Recall Response Booklet,,Second Floor,WRAML3,0,,13
WRAML3-742,1,Form,Recognition Response Booklet,,Second Floor,WRAML3,0,,17
WRAT4-743,1,Manual,Professional Manual,,Archive Third Floor,WRAT4,0,,16
WRAT4-744,1,Kit,,,Archive Third Floor,WRAT4,0,,11
WRAT4-745,1,Form,Blue Test Form,,Archive Third Floor,WRAT4,0,,10
WRAT4-746,1,Form,Blue Response Form,,Archive Third Floor,WRAT4,0,,3
WRAT4-747,1,Form,Blue Sentence Comprehension Test Form****,,Archive Third Floor,WRAT4,0,,6
WRAT4-748,1,Form,Green Sentence Comprehension Test Form,,Archive Third Floor,WRAT4,0,,2
WRAT4-749,1,Form,Green Test Form,,Archive Third Floor,WRAT4,0,,7
WRAT4-750,1,Form,Green Response Form,,Archive Third Floor,WRAT4,0,,9
16PF-5-751,1,Manual,Administrator's Manual***,,Second Floor,16PF-5,0,,14
16PF-5-752,1,Book,Questionnaire Booklet,,Second Floor,16PF-5,0,,6
16PF-5-753,1,Form,Answer Sheet,,Second Floor,16PF-5,0,,12
16PF-5-754,1,Form,Individual Record Form Profile Sheet,,Second Floor,16PF-5,0,,7
CBT-755,1,CD,Constructing NEW Core Beliefs,,Second Floor,CBT,0,,10
CBT-756,1,CD,Cognitive Therapy for Panic Disorder,,Second Floor,CBT,0,,5
CBT-757,1,CD,CBT for Social Anxiety,,Second Floor,CBT,0,,10
CBT-758,1,CD,Guided Discovery Using Socratic Dialogue,,Second Floor,CBT,0,,4
CBT-759,1,CD,Collaborative Case Conceptualization,,Second Floor,CBT,0,,3
CBT-760,1,CD,Constructing NEW Underlying Assumptions & Behavioral Experiments,,Second Floor,CBT,0,,10
CBT-761,1,CD,Testing Automatic Thoughts with Thought Records,,Second Floor,CBT,0,,15
IDK-762,1,CD,Preventing Neurotrauma A Casebook of Evidence Based Practices,,Second Floor,IDK,0,,5
