Available or Borrowed,Borrowed By and When,Acronym,Level of User,Measure of:,Name,Item,Item Name,Edition Number,Ages,Number of Items,Location,Ordering Company,
,,ABAS-2,C,Adaptive Functioning,Adaptive Behavior Assessment System,Form,Adult Form,2,16 to 89,2,Archive Third Floor,WPS - 3rd ed available,
,,ABAS-2,C,Adaptive Functioning,Adaptive Behavior Assessment System,Form,Parent/Primary Caregiver Form,2,0 to 5,9,Archive Third Floor,WPS - 3rd ed available,
,,ABAS-2,C,Adaptive Functioning,Adaptive Behavior Assessment System,Form,Teacher/Daycare Provider Form,2,2 to 5,13,Archive Third Floor,WPS - 3rd ed available,
,,ABAS-2,C,Adaptive Functioning,Adaptive Behavior Assessment System,Form,Parent Form,2,5 to 21,1,Archive Third Floor,WPS - 3rd ed available,
,,ABAS-2,C,Adaptive Functioning,Adaptive Behavior Assessment System,Form,Teacher Form,2,5 to 21,1,Archive Third Floor,WPS - 3rd ed available,
,,ABAS-3,C,Adaptive Functioning,Adaptive Behavior Assessment System,Manual,,3,,1,Second Floor,WPS,
,,ABAS-3,C,Adaptive Functioning,Adaptive Behavior Assessment System,CD,Scoring Assistant and Intervention Planner,3,,1,Second Floor,WPS,
,,ABAS-3,C,Adaptive Functioning,Adaptive Behavior Assessment System,USB Stick,Scoring Assistant and Intervention Planner,3,,1,Ask Clinic Admin,WPS,
,,ABAS-3,C,Adaptive Functioning,Adaptive Behavior Assessment System,Book,Intervention Planner,3,,,,WPS,
,,ABAS-3,C,Adaptive Functioning,Adaptive Behavior Assessment System,Form,Adult Form,3,16 to 89,Around 50,Second Floor,WPS,
,,ABAS-3,C,Adaptive Functioning,Adaptive Behavior Assessment System,Form,Parent/Primary Caregiver Form,3,0 to 5,3,Second Floor,WPS,
,,ABAS-3,C,Adaptive Functioning,Adaptive Behavior Assessment System,Form,Teacher/Daycare Provider Form,3,2 to 5,4,Second Floor,WPS,
,,ABAS-3,C,Adaptive Functioning,Adaptive Behavior Assessment System,Form,Parent Form,3,5 to 21,22,Second Floor,WPS,
,,ABAS-3,C,Adaptive Functioning,Adaptive Behavior Assessment System,Form,Teacher Form,3,5 to 21,20,Second Floor,WPS,
,,ABAS-3,C,Adaptive Functioning,Adaptive Behavior Assessment System,Manual,,3,,,Online Platform,WPS Login,
,,ABAS-3,C,Adaptive Functioning,Adaptive Behavior Assessment System,Form,Adult-Self Form,3,16 to 89,,Online Platform,WPS Login,
,,ABAS-3,C,Adaptive Functioning,Adaptive Behavior Assessment System,Form,Parent Form,3,5 to 21,,Online Platform,WPS Login,
,,ABAS-3,C,Adaptive Functioning,Adaptive Behavior Assessment System,Form,Teacher Form,3,5 to 21,,Online Platform,WPS Login,
,,ABAS-3,C,Adaptive Functioning,Adaptive Behavior Assessment System,Scoring,,3,,,Computer-186 Side,USB Key Needed,
,,ABS-S:2,,Adaptive Functioning,AAMR Adaptive Behavior Scale-School,Manual,Examiner's Manual,2,,1,Second Floor,Canada Skill Builders,
,,ABS-S:2,,Adaptive Functioning,AAMR Adaptive Behavior Scale-School,Form,Examination Booklet,2,,Around 20,Second Floor,Canada Skill Builders,
,,ABS-S:2,,Adaptive Functioning,AAMR Adaptive Behavior Scale-School,Form,Profile/Summary Form,2,,Around 25,Second Floor,Canada Skill Builders,
,,ACL,,Personality,Adjective Check List,Form,Booklet,,,Around 25,Second Floor,Mind Garden,
,,ACL,,Personality,Adjective Check List,Form,Profile Form,,,Around 25,Second Floor,Mind Garden,
,,ACL,,Personality,Adjective Check List,Form,Answer Sheet,,,1,Second Floor,Mind Garden,
,,ACL,,Personality,Adjective Check List,Form,Parker Answer Sheet,,,Around 15,Second Floor,Mind Garden,
,,ACL,,Personality,Adjective Check List,Manual,,,,,,Mind Garden,
,,ACLC,,Language,Assessment of Children's Language Comprehension,Manual,1973 Revision,,,1,Archive Third Floor,Publisher - Consulting Psychologists Press,
,,ACLC,,Language,Assessment of Children's Language Comprehension,Book,1973 Revision,,,1,Archive Third Floor,Publisher - Consulting Psychologists Press,
,,ACLC,,Language,Assessment of Children's Language Comprehension,Form,Recording Sheet for 1973 Revision,,,Around 20,Archive Third Floor,Publisher - Consulting Psychologists Press,
,,ADI-R,C,Autism,Autism Diagnostic Interview-Revised,Manual,,,,1,Second Floor,WPS,
,,ADI-R,C,Autism,Autism Diagnostic Interview-Revised,Form,Interview Booklet,,,10,Second Floor,WPS,
,,ADI-R,C,Autism,Autism Diagnostic Interview-Revised,Form,Comprehensive Algorithm Form,,,20,Second Floor,WPS,
,,ADOS,C,Autism,Autism Diagnostic Observation Schedule,Manual,,,,2,Archive Third Floor,WPS - 2nd ed available,
,,ADOS,C,Autism,Autism Diagnostic Observation Schedule,Form,"Module 1
Pre-Verbal/Single 
Words",,,3,Archive Third Floor,WPS - 2nd ed available,
,,ADOS,C,Autism,Autism Diagnostic Observation Schedule,Form,"Module 2
Phrase Speech",,,10,Archive Third Floor,WPS - 2nd ed available,
,,ADOS,C,Autism,Autism Diagnostic Observation Schedule,Form,"Module 4
Fluent Speech
Adolescent/Adult",,,1,Archive Third Floor,WPS - 2nd ed available,
,,ADOS,C,Autism,Autism Diagnostic Observation Schedule,CD,"Workshop Video
(DVD 1)",,,1,Archive Third Floor,WPS - 2nd ed available,
,,ADOS,C,Autism,Autism Diagnostic Observation Schedule,CD,"Workshop Video
(DVD 2)",,,1,Archive Third Floor,WPS - 2nd ed available,
,,ADOS-2,C,Autism,Autism Diagnostic Observation Schedule,Manual,,2,,3,Second Floor,WPS,
,,ADOS-2,C,Autism,Autism Diagnostic Observation Schedule,Book,Training Videos Guidebook,2,,1,Second Floor,WPS,
,,ADOS-2,C,Autism,Autism Diagnostic Observation Schedule,Form,"Toddler Module
Pre-Verbal/Single 
Words",2,,14,Second Floor,WPS,
,,ADOS-2,C,Autism,Autism Diagnostic Observation Schedule,Form,"Module 1
Pre-Verbal/Single 
Words",2,,22,Second Floor,WPS,
,,ADOS-2,C,Autism,Autism Diagnostic Observation Schedule,Form,"Module 2
Phrase Speech",2,,38,Second Floor,WPS,
,,ADOS-2,C,Autism,Autism Diagnostic Observation Schedule,Form,"Module 3
Fluent Speech
Child/Adolescent",2,,27,Second Floor,WPS,
,,ADOS-2,C,Autism,Autism Diagnostic Observation Schedule,Form,"Module 4
Fluent Speech
Adolescent/Adult",2,,40,Second Floor,WPS,
,,ADOS-2,C,Autism,Autism Diagnostic Observation Schedule,,"Test materials/stimulus items
and
Toddler Module Stimulus Items",2,,,,WPS,
,,ADOS-2,C,Autism,Autism Diagnostic Observation Schedule,CD,Training Protocols,2,,1,Second Floor,WPS,
,,ADOS-2,C,Autism,Autism Diagnostic Observation Schedule,CD,"Training and Practice Video (Part 2): Toddler Module
Workshop Video 3: Toddler Module",2,,1,Second Floor,WPS,
,,ASEBA,,General Behaviour and Emotion,Achenbach System of Empirically Based Assessment,Manual,Manual for the ASEBA Preschool Forms & Profiles,,,1,Second Floor,ASEBA,
,,ASEBA,,General Behaviour and Emotion,Achenbach System of Empirically Based Assessment,Manual,Manual for the ASEBA School-Age Forms & Profiles,,,1,Second Floor,ASEBA,
,,ASEBA,,General Behaviour and Emotion,Achenbach System of Empirically Based Assessment,Form,"Semistructured Clinical Interview for Children & Adolescents
Protocol Form",,6 to 18,11,Second Floor,ASEBA,
,,ASEBA,,General Behaviour and Emotion,Achenbach System of Empirically Based Assessment,Form,"Semistructured Clinical Interview
Observation Form",,,Around 30,Second Floor,ASEBA,
,,ASEBA,,General Behaviour and Emotion,Achenbach System of Empirically Based Assessment,Form,Youth Self-Report,,11 to 18,Around 50,Second Floor,ASEBA,
,,ASEBA,,General Behaviour and Emotion,Achenbach System of Empirically Based Assessment,Form,"TRF
Teacher's Report Form",,6 to 18,Over 50,Second Floor,ASEBA,
,,ASEBA,,General Behaviour and Emotion,Achenbach System of Empirically Based Assessment,Form,"CBCL
Child Behaviour Checklist",,1 1/2 to 5,Over 25,Second Floor,ASEBA,
,,ASEBA,,General Behaviour and Emotion,Achenbach System of Empirically Based Assessment,Form,"CBCL
Child Behaviour Checklist",,6 to 18,Over 25,Second Floor,ASEBA,
,,ASEBA,,General Behaviour and Emotion,Achenbach System of Empirically Based Assessment,Form,French Version - Child Behaviour Checklist,,6 to 18,Over 25,Second Floor,ASEBA,
,,ASEBA,,General Behaviour and Emotion,Achenbach System of Empirically Based Assessment,Form,Caregiver-Teacher Report Form,,1 1/2 to 5,Over 25,Second Floor,ASEBA,
,,ASEBA,,General Behaviour and Emotion,Achenbach System of Empirically Based Assessment,CD,"Assessment Data Manager
Version 6.5",,,1,Second Floor,ASEBA,
,,ASEBA,,General Behaviour and Emotion,Achenbach System of Empirically Based Assessment,CD,"Training for the SCICA
Semistructured Clinical Interview for Children & Adolescents",,,1,Second Floor,ASEBA,
,,ASEBA,,General Behaviour and Emotion,Achenbach System of Empirically Based Assessment,CD,"Assessment Data Manager
Version 6.0",,,2,Second Floor,ASEBA - version 6.5 available,
,,ASEBA,,General Behaviour and Emotion,Achenbach System of Empirically Based Assessment,CD,"Assessment Data Manager
Version 5.0",,,1,Second Floor,ASEBA - version 6.5 available,
,,ASEBA,,General Behaviour and Emotion,Achenbach System of Empirically Based Assessment,Manual,"SCICA
Semistructured Clinical Interview for Children & Adolescents",2,,1,Second Floor,ASEBA,
,,ASEBA,,General Behaviour and Emotion,Achenbach System of Empirically Based Assessment,CD,"SCICA
Semistructured Clinical Interview for Children & Adolescents
VHS - Videotape Training Segment",,,1,Second Floor,ASEBA,
,,BADDS,B,Attention/ADHD,Brown Attention-Deficit Disorder Scales,Manual,For Children and Adolescents,,,1,Second Floor,Pearson,
,,BADDS,B,Attention/ADHD,Brown Attention-Deficit Disorder Scales,Form,"Diagnostic Form
Children",,3 to 12,7,Second Floor,Pearson,
,,BADDS,B,Attention/ADHD,Brown Attention-Deficit Disorder Scales,Form,"Diagnostic Form
for Adolescents
Revised",,12 to 18,9,Second Floor,Pearson,
,,BADDS,B,Attention/ADHD,Brown Attention-Deficit Disorder Scales,Form,"Adolescent
Ready Score Answer Document",,,5,Second Floor,Pearson,
,,BADDS,B,Attention/ADHD,Brown Attention-Deficit Disorder Scales,Form,"Parent Form
Ready Score Answer Document",,3 to 7,5,Second Floor,Pearson,
,,BADDS,B,Attention/ADHD,Brown Attention-Deficit Disorder Scales,Form,"Teacher Form
Ready Score Answer Document",,3 to 7,5,Second Floor,Pearson,
,,BADDS,B,Attention/ADHD,Brown Attention-Deficit Disorder Scales,Form,"Parent Form
Ready Score Answer Document",,8 to 12,5,Second Floor,Pearson,
,,BADDS,B,Attention/ADHD,Brown Attention-Deficit Disorder Scales,Form,"Teacher Form
Ready Score Answer Document",,8 to 12,5,Second Floor,Pearson,
,,BADDS,B,Attention/ADHD,Brown Attention-Deficit Disorder Scales,Form,"Self Report Form
Ready Score Answer Document",,8 to 12,5,Second Floor,Pearson,
,,BADDS,B,Attention/ADHD,Brown Attention-Deficit Disorder Scales,Manual,For Adolescents and Adults,,,,,Pearson,
,,BADDS,B,Attention/ADHD,Brown Attention-Deficit Disorder Scales,Form,Adult Readyscore Self-Report Forms/Answer Documents,,,,,Pearson,
,,BADDS,B,Attention/ADHD,Brown Attention-Deficit Disorder Scales,Form,Adult Diagnostic Record Forms,,,,,Pearson,
,,BADDS,B,Attention/ADHD,Brown Attention-Deficit Disorder Scales,Form,Treatment Monitoring Worksheet,,,,,Pearson,
,,BAI,B,Mood/Anxiety,Beck Anxiety Inventory,Manual,,,,1,Second Floor,Pearson,
,,BAI,B,Mood/Anxiety,Beck Anxiety Inventory,Form,Record Form,,,Around 25,Second Floor,Pearson,
,,BAI,B,Mood/Anxiety,Beck Anxiety Inventory,Form,Response Sheet,,,,,Pearson,
,,BAI,B,Mood/Anxiety,Beck Anxiety Inventory,Form,"For remote, on-screen administration",,,,Online Platform,Pearson Login,
,,BASC-3,B,General Behaviour and Emotion,Behavior Assessment System for Children,Manual,,3,,1,Second Floor,Pearson,
,,BASC-3,B,General Behaviour and Emotion,Behavior Assessment System for Children,Form,"Self-Report Interview
(SRP)",3,6 to 7,Around 20,Second Floor,Pearson,
,,BASC-3,B,General Behaviour and Emotion,Behavior Assessment System for Children,Form,"Self-Report Child
(SRP)",3,8 to 11,Around 15,Second Floor,Pearson,
,,BASC-3,B,General Behaviour and Emotion,Behavior Assessment System for Children,Form,"Self-Report Adolescent
(SRP)",3,,,,Pearson,
,,BASC-3,B,General Behaviour and Emotion,Behavior Assessment System for Children,Form,"Self-Report College
(SRP)",3,18 to 25,Over 25,Second Floor,Pearson,
,,BASC-3,B,General Behaviour and Emotion,Behavior Assessment System for Children,Form,"Parent Rating Scales (PRS)
Preschool",3,2 to 5,Around 25,Second Floor,Pearson,
,,BASC-3,B,General Behaviour and Emotion,Behavior Assessment System for Children,Form,"Teacher Rating Scales (TRS)
Preschool",3,2 to 5,Around 25,Second Floor,Pearson,
,,BASC-3,B,General Behaviour and Emotion,Behavior Assessment System for Children,Form,"Parent Rating Scales (PRS)
Child",3,6 to 11,Around 50,Second Floor,Pearson,
,,BASC-3,B,General Behaviour and Emotion,Behavior Assessment System for Children,Form,"Teacher Rating Scales (TRS)
Child",3,6 to 11,Around 25,Second Floor,Pearson,
,,BASC-3,B,General Behaviour and Emotion,Behavior Assessment System for Children,Form,"Parent Rating Scales (PRS)
Adolescent",3,12 to 21,Around 25,Second Floor,Pearson,
,,BASC-3,B,General Behaviour and Emotion,Behavior Assessment System for Children,Form,"Teacher Rating Scales (TRS)
Adolescent",3,12 to 21,Around 25,Second Floor,Pearson,
,,BASC-3,B,General Behaviour and Emotion,Behavior Assessment System for Children,Form,"Structured Developmental History
(SDH)",3,,,,Pearson,
,,BASC-3,B,General Behaviour and Emotion,Behavior Assessment System for Children,Form,"Student Observation System
(SOS)",3,,,,Pearson,
,,BASC-3,B,General Behaviour and Emotion,Behavior Assessment System for Children,Manual,,3,,,Online Platform,Pearson Login,
,,BASC-3,B,General Behaviour and Emotion,Behavior Assessment System for Children,Form,"Administration, scoring and reporting for the TRS, PRS, SRP, SDH, PRQ or SOS",3,,,Online Platform,Pearson Login,
,,Bayley-III,B,,Bayley Scales of Infant and Toddler Development,Manual,Administration Manual,3,,,,Pearson - 4th ed available,
,,Bayley-III,B,,Bayley Scales of Infant and Toddler Development,Manual,Technical Manual,3,,,,Pearson - 4th ed available,
,,Bayley-III,B,,Bayley Scales of Infant and Toddler Development,Book,Picture Book,3,,,,Pearson - 4th ed available,
,,Bayley-III,B,,Bayley Scales of Infant and Toddler Development,Book,Stimulus Book,3,,,,Pearson - 4th ed available,
,,Bayley-III,B,,Bayley Scales of Infant and Toddler Development,Form,Observational Checklist,3,,,,Pearson - 4th ed available,
,,Bayley-III,B,,Bayley Scales of Infant and Toddler Development,Form,Cognitive Record Forms,3,,,,Pearson - 4th ed available,
,,Bayley-III,B,,Bayley Scales of Infant and Toddler Development,Form,Language Record Forms,3,,,,Pearson - 4th ed available,
,,Bayley-III,B,,Bayley Scales of Infant and Toddler Development,Form,Motor Record Forms,3,,,,Pearson - 4th ed available,
,,Bayley-III,B,,Bayley Scales of Infant and Toddler Development,,Stimulus items/toys,3,,,,Pearson - 4th ed available,
,,Bayley-III,B,,Bayley Scales of Infant and Toddler Development,Form,Cognitive Language Motor Record Forms,3,,18,Second Floor,Pearson - 4th ed available,
,,Bayley-III,B,,Bayley Scales of Infant and Toddler Development,Form,Caregiver Report Forms,3,,19,Second Floor,Pearson - 4th ed available,
,,Bayley-III,B,,Bayley Scales of Infant and Toddler Development,Form,Social-Emotional and Adaptive Behavior Questionnaire,3,,17,Second Floor,Pearson - 4th ed available,
,,BCT,C,,Booklet Category Test,Form,Scoring and Recording Form,,,Around 25,Archive Third Floor,PAR - 2nd ed available,
,,BDI-2,B,Mood/Anxiety,Beck Depression Inventory,Manual,,2,,1,Second Floor,Pearson,
,,BDI-2,B,Mood/Anxiety,Beck Depression Inventory,Form,Record Form,2,,Over 25,Second Floor,Pearson,
,,BDI-2,B,Mood/Anxiety,Beck Depression Inventory,Form,Response Sheet,2,,,,Pearson,
,,Beery PVT and Beery PVS,,Language,Beery Picture Vocabulary Test and Beery Picture Vocabulary Screening Series,Manual,Professional Manual,,,2,Second Floor,"Publisher - Psychological Assessment Resources
As of January 2002, publisher advises test is now out of print",
,,Beery PVS,,Language, Beery Picture Vocabulary Screening Series,Form,Record Form 2 - 12,,,1 of each,Second Floor,"Publisher - Psychological Assessment Resources
As of January 2002, publisher advises test is now out of print",
,,Beery PVT,,Language,Beery Picture Vocabulary Test,Book,Stimulus Card Set,,,2,Second Floor,"Publisher - Psychological Assessment Resources
As of January 2002, publisher advises test is now out of print",
,,Beery PVT,,Language,Beery Picture Vocabulary Test,Form,Record Form,,,Around 30,Second Floor,"Publisher - Psychological Assessment Resources
As of January 2002, publisher advises test is now out of print",
,,Beery VMI ,C,Visual-Motor,Beery-Buktenica Developmental Test of Visual-Motor Integration,Manual,,5,,1,Archive Third Floor,WPS - 6th ed available,
,,Beery VMI ,C,Visual-Motor,Beery-Buktenica Developmental Test of Visual-Motor Integration,Form,Testing Booklet (green) (SHORT FORM),5,2 through 7,1,Archive Third Floor,WPS - 6th ed available,
,,Beery VMI ,C,Visual-Motor,The Beery VMI Developmental Test of Motor Coordination,Form,Testing Booklet (beige),5,2 through 18,1,Archive Third Floor,WPS - 6th ed available,
,,Beery VMI ,C,Visual-Motor,The Beery VMI Developmental Test of Visual Perception,Form,Testing Booklet (blue),5,2 through 18,1,Archive Third Floor,WPS - 6th ed available,
,,Beery VMI ,C,Visual-Motor,Beery-Buktenica Developmental Test of Visual-Motor Integration,Manual,,6,,1,Second Floor,WPS,
,,Beery VMI ,C,Visual-Motor,The Beery-Buktenica Developmental Test of Visual-Motor Integration,Form,Testing Booklet (green) (FULL FORM),6,2 through 100,Around 30,Second Floor,WPS,
,,Beery VMI ,C,Visual-Motor,The Beery-Buktenica Developmental Test of Visual-Motor Integration,Form,Testing Booklet (green) (SHORT FORM),6,2 through 7,17,Second Floor,WPS,
,,Beery VMI ,C,Visual-Motor,The Beery VMI Developmental Test of Motor Coordination,Form,Testing Booklet (beige),6,2 to 100,Less than 50,Second Floor,WPS,
,,Beery VMI ,C,Visual-Motor,The Beery VMI Developmental Test of Visual Perception,Form,Testing Booklet (blue),6,2 to 100,Over 50,Second Floor,WPS,
,,BHS,B,Mood/Anxiety,Beck Hopelessness Scale,Manual,***,,,1,Second Floor,Pearson,
,,BHS,B,Mood/Anxiety,Beck Hopelessness Scale,Form,Record Form,,,Around 20,Second Floor,Pearson,
,,BRIEF,B,,Behavior Rating Inventory of Executive Function,Manual,Professional Manual,,,1,Archive Third Floor,PAR - 2nd ed available,
,,BRIEF,B,,Behavior Rating Inventory of Executive Function,Form,Teacher Form,,,15,Archive Third Floor,PAR - 2nd ed available,
,,BRIEF,B,,Behavior Rating Inventory of Executive Function,Form,Teacher Form Scoring Summary,,,Around 50,Archive Third Floor,PAR - 2nd ed available,
,,BRIEF,B,,Behavior Rating Inventory of Executive Function,Form,Parent Form,,,9,Archive Third Floor,PAR - 2nd ed available,
,,BRIEF,B,,Behavior Rating Inventory of Executive Function,Form,Parent Form Scoring Summary,,,3,Archive Third Floor,PAR - 2nd ed available,
,,BRIEF2,B,,Behavior Rating Inventory of Executive Function,Manual,Professional Manual,2,,1,Second Floor,PAR,
,,BRIEF2,B,,Behavior Rating Inventory of Executive Function,Book,Fast Guide,2,,1,Second Floor,PAR,
,,BRIEF2,B,,Behavior Rating Inventory of Executive Function,Form,Teacher Form,2,,Around 50,Second Floor,PAR,
,,BRIEF2,B,,Behavior Rating Inventory of Executive Function,Form,Teacher Form Scoring Summary,2,,Around 50,Second Floor,PAR,
,,BRIEF2,B,,Behavior Rating Inventory of Executive Function,Form,Parent Form,2,,Around 30,Second Floor,PAR ,
,,BRIEF2,B,,Behavior Rating Inventory of Executive Function,Form,Parent Form Scoring Summary,2,,Around 50,Second Floor,PAR ,
,,BRIEF2,B,,Behavior Rating Inventory of Executive Function,Form,Self-Report Form,2,,18,Second Floor,PAR ,
,,BRIEF2,B,,Behavior Rating Inventory of Executive Function,Form,Self-Report Form Scoring Summary,2,,Around 30,Second Floor,PAR ,
,,BRIEF2,B,,Behavior Rating Inventory of Executive Function,Form,Self + score reports,2,,,Online Platform,PAR Login,
,,BRIEF2,B,,Behavior Rating Inventory of Executive Function,Form,Parent Form + score reports,2,,,Online Platform,PAR Login,
,,BRIEF2,B,,Behavior Rating Inventory of Executive Function,Form,Teacher Form + score reports,2,,,Online Platform,PAR Login,
,,BRIEF-A,B,,Behavior Rating Inventory of Executive Function-Adult Version,Manual,Professional Manual,,,1,Second Floor,PAR,
,,BRIEF-A,B,,Behavior Rating Inventory of Executive Function-Adult Version,Form,Informant Report Form,,,Around 25,Second Floor,PAR,
,,BRIEF-A,B,,Behavior Rating Inventory of Executive Function-Adult Version,Form,Informant Report Scoring Summary,,,Around 30,Second Floor,PAR,
,,BRIEF-A,B,,Behavior Rating Inventory of Executive Function-Adult Version,Form,Self-Report Form,,,15,Second Floor,PAR,
,,BRIEF-A,B,,Behavior Rating Inventory of Executive Function-Adult Version,Form,Self-Report Scoring Summary,,,Around 25,Second Floor,PAR,
,,BRIEF-A,B,,Behavior Rating Inventory of Executive Function-Adult Version,Form,Self-Report/Informant i-Admin/Score Report,,,,Online Platform,PAR Login,
,,BRIEF-P,B,,Behavior Rating Inventory of Executive Function-Preschool Version,Manual,Professional Manual,,,1,Second Floor,PAR,
,,BRIEF-P,B,,Behavior Rating Inventory of Executive Function-Preschool Version,Form,Rating Form,,,8,Second Floor,PAR,
,,BRIEF-P,B,,Behavior Rating Inventory of Executive Function-Preschool Version,Form,Preschool Scoring Summary,,,Around 10,Second Floor,PAR,
,,BRIEF-SR,B,,Behavior Rating Inventory of Executive Function-Self-Report Version,Manual,Professional Manual,,,1,Second Floor,PAR,
,,BRIEF-SR,B,,Behavior Rating Inventory of Executive Function-Self-Report Version,Form,Rating Form,,,18,Second Floor,PAR,
,,BRIEF-SR,B,,Behavior Rating Inventory of Executive Function-Self-Report Version,Form,Self-Report Scoring Summary,,,Around 50,Second Floor,PAR,
,,BSRA-3,A,Academic Achievement ,Bracken School Readiness Assessment,Manual,Examiner's Manual,3,,1,Second Floor,Pearson - 4th ed available,
,,BSRA-3,A,Academic Achievement ,Bracken School Readiness Assessment,Book,Stimulus Book,3,,1,Second Floor,Pearson - 4th ed available,
,,BSRA-3,A,Academic Achievement ,Bracken School Readiness Assessment,Form,Record Form,3,,14,Second Floor,Pearson - 4th ed available,
,,BSRA-3,A,Academic Achievement ,Bracken School Readiness Assessment,Form,Parent/Teacher Conference Form,3,,Around 25,Second Floor,Pearson - 4th ed available,
,,BSS,B,Mood/Anxiety,Beck Scale for Suicide Ideation,Manual,,,,1,Second Floor,Pearson,
,,BSS,B,Mood/Anxiety,Beck Scale for Suicide Ideation,Form,Record Form,,,Around 20,Second Floor,Pearson,
,,BSS,B,Mood/Anxiety,Beck Scale for Suicide Ideation,Form,Response Sheet,,,,,Pearson,
,,BVRT,C,Memory,Benton Visual Retention Test,Kit,Books and booklets,3,,1,Archive Third Floor,Pearson - 5th ed available,
,,BYI-2,B,Mood/Anxiety,Beck Youth Inventories,Manual,,2,,,,Pearson,
,,BYI-2,B,Mood/Anxiety,Beck Youth Inventories,Form,Combination Booklet,2,,8,Second Floor,Pearson,
,,BYI-2,B,Mood/Anxiety,Beck Youth Inventories,Form,Depression Inventory Response Sheet,2,,,,Pearson,
,,BYI-2,B,Mood/Anxiety,Beck Youth Inventories,Form,Anxiety Inventory Response Sheet,2,,,,Pearson,
,,BYI-2,B,Mood/Anxiety,Beck Youth Inventories,Form,Anger Inventory Response Sheet,2,,,,Pearson,
,,BYI-2,B,Mood/Anxiety,Beck Youth Inventories,Form,Disruptive Behavior Inventory Response Sheet,2,,,,Pearson,
,,BYI-2,B,Mood/Anxiety,Beck Youth Inventories,Form,Self Concept Inventory Response Sheet,2,,,,Pearson,
,,CAARS-O:L,B,Attention/ADHD,Conners' Adult ADHD Rating Scales-Observer: Long Version,Form,Record Form,,,Around 25,Second Floor,MHS,
,,CAARS-O:S,B,Attention/ADHD,Conners' Adult ADHD Rating Scales-Observer: Short Version,Form,Record Form,,,Around 25,Second Floor,MHS,
,,CAARS-O:SV,B,Attention/ADHD,Conners' Adult ADHD Rating Scales-Observer: Screening Version,Form,Record Form,,,Around 25,Second Floor,MHS,
,,CAARS-S:L,B,Attention/ADHD,Conners' Adult ADHD Rating Scales-Self-Report: Long Version,Form,Record Form,,,Around 25,Second Floor,MHS,
,,CAARS-S:S,B,Attention/ADHD,Conners' Adult ADHD Rating Scales-Self-Report: Short Version,Form,Record Form,,,Around 25,Second Floor,MHS,
,,CAARS-S:SV,B,Attention/ADHD,Conners' Adult ADHD Rating Scales-Self-Report: Screening Version,Form,Record Form,,,Around 25,Second Floor,MHS,
,,CAARS,B,Attention/ADHD,Conners' Adult ADHD Rating Scales,Manual,Technical Manual,,,1,Second Floor,MHS,
,,CAARS,B,Attention/ADHD,Conners' Adult ADHD Rating Scales,Form,Profile Report,,,,Online Platform,MHS Login,
,,CAI,B,Vocational,Career Assessment Inventory,Manual,,2,,1,Archive Third Floor,Pearson - The Enhanced Version available,
,,CARS,C,Autism,Childhood Autism Rating Scale,Manual,,,,1,Archive Third Floor,WPS - 2nd ed available,
,,CARS,C,Autism,Childhood Autism Rating Scale,Form,Rating Sheet,,,9,Archive Third Floor,WPS - 2nd ed available,
,,CARS2,C,Autism,Childhood Autism Rating Scale,Manual,,2,,1,Second Floor,WPS,
,,CARS2-HF,C,Autism,"Childhood Autism Rating Scale 
High-Functioning Version ",Form,Rating Booklet,2,,Around 20,Second Floor,WPS,
,,CARS2-QPC,C,Autism,"Childhood Autism Rating Scale 
Questionnaire for Parents or Caregivers",Form,Rating Booklet,2,,Around 25,Second Floor,WPS,
,,CARS2-ST,C,Autism,"Childhood Autism Rating Scale 
Standard Version",Form,Rating Booklet,2,,Around 20,Second Floor,WPS,
,,CASS:L,B,,"Conners'-Wells' Adolescent Self-Report 
Scale-Long",Form,Feedback Form,,,Around 25,Second Floor,A.D.D. WareHouse,
,,CBOCI,B,Mood/Anxiety,Clark-Beck Obsessive-Compulsive Inventory,Manual,,,,1,Second Floor,Pearson,
,,CBOCI,B,Mood/Anxiety,Clark-Beck Obsessive-Compulsive Inventory,Form,Record Form,,,Around 25,Second Floor,Pearson,
,,CDI,,Vocational,Career Directions Inventory,Manual,,,,2,Archive Third Floor,Publisher - Research Psychologists Press,
,,CDI,,Vocational,Career Directions Inventory,Form,Record Form,,,2,Archive Third Floor,Publisher - Research Psychologists Press,
,,CDI,B,Mood/Anxiety,Children’s Depression Inventory,Manual,Technical Manual,,,1,Archive Third Floor,MHS - 2nd ed available,
,,CDI,B,Mood/Anxiety,Children’s Depression Inventory,Form,Record Form,,,3,Archive Third Floor,MHS - 2nd ed available,
,,CDI 2,B,Mood/Anxiety,Children’s Depression Inventory,Manual,Technical Manual,2,,1,Second Floor,MHS,
,,CDI 2,B,Mood/Anxiety,Children’s Depression Inventory,Form,Parent,2,,23,Second Floor,MHS,
,,CDI 2,B,Mood/Anxiety,Children’s Depression Inventory,Form,Teacher,2,,18,Second Floor,MHS,
,,CDI 2,B,Mood/Anxiety,Children’s Depression Inventory,Form,Self-Report,2,,21,Second Floor,MHS,
,,CDI 2,B,Mood/Anxiety,Children’s Depression Inventory,Form,Self-Report Short,2,,Around 25,Second Floor,MHS,
,,CDS,B,Vocational,Career Decision Scale,Manual,,,,1,Archive Third Floor,PAR,
,,CDS,B,Vocational,Career Decision Scale,Form,"Record Form
Third Revision (1976)",,,Around 50,Archive Third Floor,PAR,
,,CELF-4,B,Language,Clinical Evaluation of Language Fundamentals,Install Disk,"Scoring Assistant
Windows Version 1.0",4,,1,Archive Third Floor,Pearson - 5th ed available,
,,CELF-4,B,Language,Clinical Evaluation of Language Fundamentals,CD,"Scoring Assistant
Windows Version 1.0.2",4,,1,Archive Third Floor,Pearson - 5th ed available,
,,CELF-4,B,Language,Clinical Evaluation of Language Fundamentals,Form,Record Form 1,4,5 to 8,10,Archive Third Floor,Pearson - 5th ed available,
,,CELF-4,B,Language,Clinical Evaluation of Language Fundamentals,Form,Record Form 2,4,9 to 21,Around 25,Archive Third Floor,Pearson - 5th ed available,
,,CELF-4,B,Language,Clinical Evaluation of Language Fundamentals,Form,Observational Rating Scale,4,,Over 50,Archive Third Floor,Pearson - 5th ed available,
,,CELF-4,B,Language,Clinical Evaluation of Language Fundamentals,Kit,Manual and testing books,4,,1,Archive Third Floor,Pearson - 5th ed available,
,,CELF-5 Metalinguistics,B,Language,Clinical Evaluation of Language Fundamentals Metalinguistics,Kit,"Kit Contents:
-Examiner's Manual 
-Technical Manual  
-Stimulus Book
-Record Form (found on second floor in filing cabinet)",5,,1,Second Floor,Pearson,
,,CELF-5 Metalinguistics,B,Language,Clinical Evaluation of Language Fundamentals Metalinguistics,Form,Record Form,5,,Around 25,Second Floor,Pearson,
,,CII,,Vocational,Career Interest Inventory ,Manual,Directions for Administering,,,1,Second Floor,PsychCorp,
,,CII,,Vocational,Career Interest Inventory ,Form,Exploring Interests: An Introduction to the Career Interest Inventory,,,1,Second Floor,PsychCorp,
,,CII,,Vocational,Career Interest Inventory ,Form,"Answer Document
Machine-Scorable Edition Type 1
Level 1",,,1,Second Floor,PsychCorp,
,,CII,,Vocational,Career Interest Inventory ,Form,"Hand-Scorable Booklet
Level 2",,,1,Second Floor,PsychCorp,
,,CISS,B,Coping/Resiliency,Coping Inventory for Stressful Situations,Manual,,,,1,Archive Third Floor,MHS - 2nd ed available,
,,CISS,B,Coping/Resiliency,Coping Inventory for Stressful Situations,Form,"Record Form
Adolescent",,,25,Archive Third Floor,MHS - 2nd ed available,
,,CISS,B,Coping/Resiliency,Coping Inventory for Stressful Situations,Manual,,2,,1,Archive Third Floor,MHS,
,,CMS,C,Memory,Children’s Memory Scale,Form,Record Form,,5 to 8,13,Second Floor,MHS,
,,CMS,C,Memory,Children’s Memory Scale,Form,Record Form,,9 to 16,11,Second Floor,MHS,
,,CMS,C,Memory,Children’s Memory Scale,Manual,,,,,,MHS,
,,CMS,C,Memory,Children’s Memory Scale,Form,Stimulus Booklet #1,,,,,MHS,
,,CMS,C,Memory,Children’s Memory Scale,Form,Stimulus Booklet #2,,,,,MHS,
,,CMS,C,Memory,Children’s Memory Scale,,Response Chip Set,,,,,MHS,
,,CMS,C,Memory,Children’s Memory Scale,,Grid and Picture Set,,,,,MHS,
,,Conners 3,B,Attention/ADHD,Conners,Manual,,3,,1,Second Floor,MHS - 4th ed available,
,,Conners 3,B,Attention/ADHD,Conners,USB Stick,,3,,1,Ask Clinic Admin,MHS - 4th ed available,
,,Conners 3,B,Attention/ADHD,Conners,Form,"Self-Report 
Response Booklet",3,,16,Second Floor,MHS - 4th ed available,
,,Conners 3,B,Attention/ADHD,Conners,Form,Self-Report Short,3,,11,Second Floor,MHS - 4th ed available,
,,Conners 3,B,Attention/ADHD,Conners,Form,"Teacher
Response Booklet",3,,32,Second Floor,MHS - 4th ed available,
,,Conners 3,B,Attention/ADHD,Conners,Form,Teacher Short,3,,1,Second Floor,MHS - 4th ed available,
,,Conners 3,B,Attention/ADHD,Conners,Form,"Parent
Response Booklet",3,,34,Second Floor,MHS - 4th ed available,
,,Conners 3,B,Attention/ADHD,Conners,Form,Parent Short,3,,3,Second Floor,MHS - 4th ed available,
,,Conners 3,B,Attention/ADHD,Conners,,DSM-5 Supplement,3,,,,MHS - 4th ed available,
,,Conners 3,B,Attention/ADHD,Conners,Scoring,,3,,,Computer-184 Side,USB Key Needed,
,,Conners 3,B,Attention/ADHD,Conners,Scoring,,3,,,Computer-186 Side,USB Key Needed,
,,Conners 3,B,Attention/ADHD,Conners,Form,Self-Report/Parent/Teacher,3,,,Online Platform,MHS Login,
,,CPRS-48,,Attention/ADHD,Conners' Parent Rating Scale-48 items,Form,Record Form,,,1,Archive Third Floor,MHS,
,,CPRS-93,,Attention/ADHD,Conners' Parent Rating Scale-93 items,Form,Record Form,,,1,Archive Third Floor,MHS,
,,CPT II,,Attention/ADHD,Conners’ Continuous Performance Test,Manual,"Computer Program for Windows
Technical Guide and Software Manual******",2,,1,Archive Third Floor,MHS,
,,CRI,B,Coping/Resiliency,Coping Responses Inventory,Manual,"Adult Form
Professional Manual",,,1,Second Floor,PAR,
, ,CRI,B,Coping/Resiliency,Coping Responses Inventory,Form,Adult Item Booklet—Actual Form,,,10,Second Floor,PAR,
,,CRI,B,Coping/Resiliency,Coping Responses Inventory,Form,Adult Answer Sheet,,,14,Second Floor,PAR,
,,CRI,B,Coping/Resiliency,Coping Responses Inventory,Form,Adult Item Booklet—Ideal Form,,,,,PAR,
,,CRI,B,Coping/Resiliency,Coping Responses Inventory,Manual,An Update on Research Applications and Validity (Manual Supplement),,,,,PAR,
,,CRI,B,Coping/Resiliency,Coping Responses Inventory,Manual,"Youth Form
Professional Manual",,,,,PAR,
,,CRI,B,Coping/Resiliency,Coping Responses Inventory,Form,Youth Item Booklet—Actual Form,,,,,PAR,
,,CRI,B,Coping/Resiliency,Coping Responses Inventory,Form,Youth Item Booklet—Ideal Form,,,,,PAR,
,,CRI,B,Coping/Resiliency,Coping Responses Inventory,Form,Youth Answer Sheet,,,,,PAR,
,,CRS,,Attention/ADHD,Conners' Rating Scales,Manual,,,,1,Archive Third Floor,MHS,
,,CRS-R,,Attention/ADHD,Conners' Rating Scales-Revised,Manual,Technical Manual,,,2,Archive Third Floor,MHS,
,,CTONI-2,C,,Comprehensive Test of Nonverbal Intelligence,Kit,"Kit Contents:
-Manual
-Analogies Picture Book 
-Categories Picture Book
-Sequences Picture Book
-Record Form (found on second floor in filing cabinet)",2,,1,Second Floor,WPS,
,,CTONI-2,C,,Comprehensive Test of Nonverbal Intelligence,Form,Record Form,2,,23,Second Floor,WPS,
,,CTOPP,C,,Comprehensive Test of Phonological Processing,Manual,Examiner's Manual,,,2,Archive Third Floor,WPS - 2nd ed available,
,,CTOPP,C,,Comprehensive Test of Phonological Processing,Book,Picture Book,,,2,Archive Third Floor,WPS - 2nd ed available,
,,CTOPP,C,,Comprehensive Test of Phonological Processing,CD,,,,2,Archive Third Floor,WPS - 2nd ed available,
,,CTOPP,C,,Comprehensive Test of Phonological Processing,Form,Profile/Examiner Record Booklet,,5 and 6,Around 30,Archive Third Floor,WPS - 2nd ed available,
,,CTOPP,C,,Comprehensive Test of Phonological Processing,Form,Profile/Examiner Record Booklet,,7 through 24,1,Archive Third Floor,WPS - 2nd ed available,
,,CTOPP-2,C,,Comprehensive Test of Phonological Processing,Kit,"Kit Contents:
-Manual
-Supplemental Subtests CD
-Core Subtests CD
-Picture Book
-Examiner Record Booklet Ages 4 to 6 (found on second floor in filing cabinet)
-Examiner Record Booklet Ages 7 to 24 (found on second floor in filing cabinet)",2,,1,Second Floor,WPS,
,,CTOPP-2,C,,Comprehensive Test of Phonological Processing,Form,"Examiner Record 
Booklet",2,4 to 6,Around 25,Second Floor,WPS,
,,CTOPP-2,C,,Comprehensive Test of Phonological Processing,Form,"Examiner Record 
Booklet",2,7 to 24,Around 50,Second Floor,WPS,
,,CTRS-R:L,,Attention/ADHD,Conners' Teacher Rating Scale-Revised: Long Version,Form,Record Form,,,Around 50,Archive Third Floor,MHS,
,,CTRS-28,,Attention/ADHD,Conners' Teacher Rating Scale-28 items,Form,Record Form,,,1,Archive Third Floor,MHS,
,,CTRS-39,,Attention/ADHD,Conners' Teacher Rating Scale-39 items,Form,Record Form,,,1,Archive Third Floor,MHS,
,,CVLT,C,,California Verbal Learning Test,Manual,"Research Edition
Adult Version
Version 1",,,1,Archive Third Floor,Pearson - 3rd ed available,
,,CVLT,C,,California Verbal Learning Test,Form,"Research Edition
Adult Version",,,Around 25,Archive Third Floor,Pearson - 3rd ed available,
,,CVLT-II ,C,,California Verbal Learning Test,CD,"Comprehensive Scoring System
Windows Version 1.0",2,,1,Second Floor,Pearson - 3rd ed available,
,,CVLT-II ,C,,California Verbal Learning Test,Install Disk,"Comprehensive Scoring System
Windows Version 1.0",2,,1,Second Floor,Pearson - 3rd ed available,
,,CVLT-II ,C,,California Verbal Learning Test,Manual,,2,,1,Second Floor,Pearson - 3rd ed available,
,,CVLT-II ,C,,California Verbal Learning Test,Form,Short Form,2,,Around 25,Second Floor,Pearson - 3rd ed available,
,,CVLT-II ,C,,California Verbal Learning Test,Form,Standard Form,2,,13,Second Floor,Pearson - 3rd ed available,
,,CVLT-II ,C,,California Verbal Learning Test,Form,Alternate Form,2,,25,Second Floor,Pearson - 3rd ed available,
,,CVLT-C,C,,California Verbal Learning Test-Children's Version,Manual,,,,1,Second Floor,Pearson,
,,CVLT-C,C,,California Verbal Learning Test-Children's Version,Form,Record Form,,,11,Second Floor,Pearson,
,,DAP,,Projective,Draw a Person,Manual,,,,1,Second Floor,PsychCorp,
,,DAP,,Projective,Draw a Person,Book,Scoring Chart,,,1,Second Floor,PsychCorp,
,,DAS,C,,Differential Ability Scales,Form,Basic Number Skills,,,15,Archive Third Floor,Pearson - 2nd ed available,
,,DAS,C,,Differential Ability Scales,Form,Preschool Record Form,,,15,Archive Third Floor,Pearson - 2nd ed available,
,,DAS,C,,Differential Ability Scales,Form,School-Age Record Form,,,6,Archive Third Floor,Pearson - 2nd ed available,
,,DAS,C,,Differential Ability Scales,Form,Speed of Information Processing Booklet A,,,7,Archive Third Floor,Pearson - 2nd ed available,
,,DAS,C,,Differential Ability Scales,Form,Speed of Information Processing Booklet B,,,8,Archive Third Floor,Pearson - 2nd ed available,
,,DAS,C,,Differential Ability Scales,Form,Speed of Information Processing Booklet C,,,9,Archive Third Floor,Pearson - 2nd ed available,
,,DAS,C,,Differential Ability Scales,Form,Sequential and Quantitative Reasoning (Set A),,,5,Archive Third Floor,Pearson - 2nd ed available,
,,DAS-II,C,,Differential Ability Scales,Form,Early Years Record Form,2,,6,Second Floor,Pearson,
,,DAS-II,C,,Differential Ability Scales,Form,School-Age Record Form,2,,Over 50,Second Floor,Pearson,
,,DAS-II,C,,Differential Ability Scales,Form,Speed of Information Processing Response Booklet A,2,,6,Second Floor,Pearson,
,,DAS-II,C,,Differential Ability Scales,Form,Speed of Information Processing Response Booklet B,2,,5,Second Floor,Pearson,
,,DAS-II,C,,Differential Ability Scales,Form,Speed of Information Processing Response Booklet C,2,,5,Second Floor,Pearson,
,,DAS-II,C,,Differential Ability Scales,Book,Stimulus Book 1,2,,,,Pearson,
,,DAS-II,C,,Differential Ability Scales,Book,Stimulus Book 2,2,,,,Pearson,
,,DAS-II,C,,Differential Ability Scales,Book,Stimulus Book 3,2,,,,Pearson,
,,DAS-II,C,,Differential Ability Scales,Book,Stimulus Book 4,2,,,,Pearson,
,,DAS-II,C,,Differential Ability Scales,Manual,Administration and Scoring Manual ,2,,,,Pearson,
,,DAS-II,C,,Differential Ability Scales,Manual,Normative Update School-Age Manual ,2,,,,Pearson,
,,DAS-II,C,,Differential Ability Scales,Manual,Introductory and Technical Manual ,2,,,,Pearson,
,,DAS-II,C,,Differential Ability Scales,Manual,Early Years Normative Data Tables Manual ,2,,,,Pearson,
,,DAS-II,C,,Differential Ability Scales,Manual,Administration and Scoring Manual,2,,,,Pearson,
,,DAS-II,C,,Differential Ability Scales,,Test materials/stimulus items/toys,2,,,,Pearson,
,,D-KEFS,C,,Delis-Kaplan Executive Function System,Install Disk,"Scoring Assistant
Windows Version 1.0.2",,,1,Second Floor,Pearson,
,,D-KEFS,C,,Delis-Kaplan Executive Function System,CD,"Scoring Assistant
Windows Version 1.0.2",,,1,Second Floor,Pearson - version 2.0.1 available,
,,D-KEFS,C,,Delis-Kaplan Executive Function System,CD,"Scoring Assistant
Windows Version 2.0.1",,,1,Second Floor,Pearson,
,,D-KEFS,C,,Delis-Kaplan Executive Function System,Kit,"Kit Contents:
-Examiner's and Technical Manual
-Stimulus Booklet 
-Sorting Cards (3 sets of 6 cards each)
-1 Tower stand with 5 color disks
-Standard Record Forms 
-Design Fluency Response Booklets 
-Trail Making Response Booklet sets (each set contains Response Booklets for the 5 Trail Making conditions)",,,"2 
(Labelled as Kit A and Kit B)",Second Floor,Pearson,
,,D-KEFS,C,,Delis-Kaplan Executive Function System,Form,Standard Record Form,,,1,Second Floor,Pearson,
,,D-KEFS,C,,Delis-Kaplan Executive Function System,Form,"Design Fluency Test 
Condition 1 - Filled Dots",,,Around 25,Second Floor,Pearson,
,,D-KEFS,C,,Delis-Kaplan Executive Function System,Form,"Trail Making Test 
Condition 1 - Visual Scanning",,,Around 50,Second Floor,Pearson,
,,D-KEFS,C,,Delis-Kaplan Executive Function System,Form,"Trail Making Test 
Condition 2 - Number Sequencing",,,Around 50,Second Floor,Pearson,
,,D-KEFS,C,,Delis-Kaplan Executive Function System,Form,"Trail Making Test 
Condition 3 - Letter Sequencing",,,Around 25,Second Floor,Pearson,
,,D-KEFS,C,,Delis-Kaplan Executive Function System,Form,"Trail Making Test 
Condition 4 - Number-Letter Switching",,,6,Second Floor,Pearson,
,,D-KEFS,C,,Delis-Kaplan Executive Function System,Form,"Trail Making Test 
Condition 5 - Motor Speed",,,5,Second Floor,Pearson,
,,D-KEFS,C,,Delis-Kaplan Executive Function System,Form,Color-Word Interference Test: Standard Record Form,,,Around 50,Second Floor,Pearson,
,,D-KEFS,C,,Delis-Kaplan Executive Function System,Scoring,,,,,Computer-184 Side,PsychCorp,
,,DMI,,,Defense Mechanisms Inventory,Kit,,,,1,Archive Third Floor,,
,,DTS,B,Trauma,Davidson Trauma Scale,Manual,,,,1,Archive Third Floor,MHS,
,,DTS,B,Trauma,Davidson Trauma Scale,Form,Record Form,,,Around 20,Archive Third Floor,MHS,
,,EDI-2,B,Eating Disorder,Eating Disorder Inventory,Manual,Professional Manual,2,,1,Archive Third Floor,PAR - 3rd ed available,
,,EDI-2,B,Eating Disorder,Eating Disorder Inventory,Form,Answer Sheet,2,,Around 20,Archive Third Floor,PAR - 3rd ed available,
,,EDI-3,B,Eating Disorder,Eating Disorder Inventory,Manual,Professional Manual,3,,1,Second Floor,PAR,
,,EDI-3,B,Eating Disorder,Eating Disorder Inventory,Form,Item Booklet,3,,Around 25,Second Floor,PAR,
,,EDI-3,B,Eating Disorder,Eating Disorder Inventory,Form,Answer Sheet,3,,Around 25,Second Floor,PAR,
,,EDI-3,B,Eating Disorder,Eating Disorder Inventory,Form,Percentile/T-Score Profile Form,3,,,,PAR,
,,EDI-3,B,Eating Disorder,Eating Disorder Inventory,Form,Symptom Checklist,3,,,,PAR,
,,EDI-3,B,Eating Disorder,Eating Disorder Inventory,Manual,Referral Form Manual,3,,,,PAR,
,,EDI-3,B,Eating Disorder,Eating Disorder Inventory,Form,Referral Form,3,,,,PAR,
,,EVT-3,B,Language,Expressive Vocabulary Test,Kit,"Kit Contents:
-
Manual and question book
Form A",3,,1,Second Floor,Pearson,
,,EVT-3,B,Language,Expressive Vocabulary Test,Form,"Record Form
Form A",3,,Around 25,Second Floor,Pearson,
,,FRT,,Social and Family,Family Relations Test,Manual,,,,3,Second Floor,GL Assessment,
,,FRT,,Social and Family,Family Relations Test,Manual,Manual for the adult version ,,,1,Second Floor,GL Assessment,
,,FRT,,Social and Family,Family Relations Test,Form,Record Sheet for Adults,,,3,Second Floor,GL Assessment,
,,FRT,,Social and Family,Family Relations Test,Form,Scoring Sheet for Adults,,,4,Second Floor,GL Assessment,
,,FRT,,Social and Family,Family Relations Test,Form,Record Sheet for Older Children,,,Around 25,Second Floor,GL Assessment,
,,FRT,,Social and Family,Family Relations Test,Form,Scoring Sheet for Older Children,,,Around 30,Second Floor,GL Assessment,
,,FRT,,Social and Family,Family Relations Test,Form,Scoring Sheet for Young Children,,,Around 30,Second Floor,GL Assessment,
,,GAD-7,,Mood/Anxiety,Generalized Anxiety Disorder 7-item,Form,,,,,Online Platform,Available on Teams,
,,GHQ,,,General Health Questionnaire,Book,Instructions and questions for answer sheet,,,1,Archive Third Floor,Publisher - NFER-Nelson,
,,GHQ,,,General Health Questionnaire,Form,Answer sheet,,,2,Archive Third Floor,Publisher - NFER-Nelson,
,,GHQ-30,,,General Health Questionnaire,Form,Record Form,,,Around 20,Archive Third Floor,Publisher - NFER-Nelson,
,,GORT-4,B,,Gray Oral Reading Tests,Manual,,4,,1,Second Floor,WPS - 5th ed available,
,,GORT-4,B,,Gray Oral Reading Tests,Book,Student Book,4,,1,Second Floor,WPS - 5th ed available,
,,GORT-4,B,,Gray Oral Reading Tests,Form,"Record Booklet
Form A",4,,15,Second Floor,WPS - 5th ed available,
,,GORT-4,B,,Gray Oral Reading Tests,Form,"Record Booklet
Form B",4,,20,Second Floor,WPS - 5th ed available,
,,GPT,B,Visual-Motor,Grooved Pegboard Test,Kit,"Manual and testing materials
Model 32025",,,1,Archive Third Floor,Lafayette Instrument,
,,HPC for Women,,,Health Problems Checklist for Women,Form,Record Form,,,Around 20,Archive Third Floor,PAR,
,,HPC for Men,,,Health Problems Checklist for Men,Form,Record Form,,,Around 20,Archive Third Floor,PAR,
,,HSPQ,,Personality,High School Personality Questionnaire,Manual,Manual and Norms for the HSPQ,,,1,Archive Third Floor,Publisher - IPAT,
,,JI and JBC,,,Jesness Inventory and Jesness Behaviour Checklist,Kit,"Manuals, profile sheets, question booklets, answer sheets, scoring templates",,,1,Archive Third Floor,MHS,
,,JI-R,B,,Jesness Inventory-Revised,Manual,Technical Manual,,,1,Second Floor,MHS,
,,JI-R,B,,Jesness Inventory-Revised,Book,Scoring Templates,,,1,Second Floor,MHS,
,,JI-R,B,,Jesness Inventory-Revised,Form,Item Booklet,,,10,Second Floor,MHS,
,,JI-R,B,,Jesness Inventory-Revised,Form,Response Sheet,,,25,Second Floor,MHS,
,,JVIS,A,Vocational,Jackson Vocational Interest Survey,Manual,,,,"3
(1 is 2nd ed manual)",Second Floor,SIGMA,
,,JVIS,A,Vocational,Jackson Vocational Interest Survey,Book,Applications Handbook,,,1,Second Floor,SIGMA,
,,JVIS,A,Vocational,Jackson Vocational Interest Survey,Form,Record Form,,,Around 30,Second Floor,SIGMA,
,,JVIS,A,Vocational,Jackson Vocational Interest Survey,Book,Questionnaire Booklet,,,27,Second Floor,SIGMA,
,,JVIS,A,Vocational,Jackson Vocational Interest Survey,Book,"JVIS Basic Interest Descriptions
(sheets)",,,16,Second Floor,SIGMA,
,,KADI,C,Autism,Krug Asperger's Disorder Index,Manual,Examiner's Manual,,,1,Second Floor,WPS,
,,KADI,C,Autism,Krug Asperger's Disorder Index,Form,"Profile/Examiner Record Form
Elementary",,6 to 11,Around 50,Second Floor,WPS,
,,KADI,C,Autism,Krug Asperger's Disorder Index,Form,"Profile/Examiner Record Form
Secondary",,12 to 21,Around 50,Second Floor,WPS,
,,KTEA-3,B,Academic Achievement ,Kaufman Test of Educational Achievement,USB Stick,,3,,1,Ask Clinic Admin,Pearson,
,,KTEA-3,B,Academic Achievement ,Kaufman Test of Educational Achievement,Kit,"Kit Contents:
-",3,,"1 
(Labelled as Kit B)",Second Floor,Pearson,
,,KTEA-3,B,Academic Achievement ,Kaufman Test of Educational Achievement,Form,"Record Form
Form B",3,,Around 25,Second Floor,Pearson,
,,KTEA-3,B,Academic Achievement ,Kaufman Test of Educational Achievement,Form,"Response Booklet
Form B",3,,Around 25,Second Floor,Pearson,
,,LASSI-HS,,Academic Achievement ,Learning and Study Strategies Inventory-High School,Form,Record Form,,,3,Second Floor,H&H Publishing,
,,MAB,C,,Multidimensional Aptitude Battery,Manual,,,,1,Archive Third Floor,SIGMA - 2nd ed available,
,,MAB,C,,Multidimensional Aptitude Battery,Book,"Multidimensional Aptitude Battery-Form L
Performance",,,1,Archive Third Floor,SIGMA - 2nd ed available,
,,MAB,C,,Multidimensional Aptitude Battery,Book,"Multidimensional Aptitude Battery-Form L
Verbal",,,1,Archive Third Floor,SIGMA - 2nd ed available,
,,MAB,C,,Multidimensional Aptitude Battery,Form,Multidimensional Aptitude Battery - Performance***,,,2,Archive Third Floor,SIGMA - 2nd ed available,
,,MAB,C,,Multidimensional Aptitude Battery,Form,Multidimensional Aptitude Battery - Verbal***,,,2,Archive Third Floor,SIGMA - 2nd ed available,
,,MacArthur-Bates CDI,,,MacArthur-Bates Communicative Development Inventories,Form,Words and Sentences Record Form,,,1,Archive Third Floor,Brookes Publishing - 3rd ed available,
,,MacArthur-Bates CDI,,,MacArthur-Bates Communicative Development Inventories,Form,Words and Gestures Record Form,,,14,Archive Third Floor,Brookes Publishing - 3rd ed available,
,,MacArthur-Bates CDI,,,MacArthur-Bates Communicative Development Inventories,Manual,User's Guide and Technical Manual,2,,1,Archive Third Floor,Brookes Publishing - 3rd ed available,
,,MASC,B,Mood/Anxiety,Multidimensional Anxiety Scale for Children,Manual,Technical Manual,,,1,Archive Third Floor,MHS - 2nd ed available,
,,MASC,B,Mood/Anxiety,Multidimensional Anxiety Scale for Children,Form,Record Form,,,1,Archive Third Floor,MHS - 2nd ed available,
,,MASC 2,B,Mood/Anxiety,Multidimensional Anxiety Scale for Children,Manual,Technical Manual,2,,2,Second Floor,MHS,
,,MASC 2,B,Mood/Anxiety,Multidimensional Anxiety Scale for Children,Form,Self-Report Form,2,,Around 20,Second Floor,MHS,
,,MASC 2,B,Mood/Anxiety,Multidimensional Anxiety Scale for Children,Form,Parent Form,2,,Around 50,Second Floor,MHS,
,,MCMI-III,C,,Millon Clinical Multiaxial Inventory-III,Manual,,2,,1,Archive Third Floor,Pearson - 4th ed available,
,,M-Fast,S,Malingering,Miller Forensic Assessment of Symptoms Test,Manual,Professional Manual,,,1,Second Floor,PAR,
,,M-Fast,S,Malingering,Miller Forensic Assessment of Symptoms Test,Form,Interview Booklet,,,Around 25,Second Floor,PAR,
,,MFD,,Memory,Memory-for-Designs Test,Manual,"Memory-for-Designs 
Test: Revised General Manual****",,,1,Archive Third Floor,Publisher - Psychological Test Specialists,
,,MFF,,,Matching Familiar Figures,Kit,"Report/scoring instructions, score sheet, testing binder",,,1,Archive Third Floor,N/A,
,,MMPI-A,C,Personality,Minnesota Multiphasic Personality Inventory-Adolescent,CD,"Interpretive System
Version 3.11",,,1,Second Floor,PAR - version 5 available,
,,MMPI-A,C,Personality,Minnesota Multiphasic Personality Inventory-Adolescent,CD,"Interpretive System
Version 5.00",,,1,Second Floor,PAR,
,,MMPI-A,C,Personality,Minnesota Multiphasic Personality Inventory-Adolescent,Manual,"Manual for Administration, Scoring, and Interpretation",,,1,Second Floor,Pearson,
,,MMPI-A,C,Personality,Minnesota Multiphasic Personality Inventory-Adolescent,Book,Hardcover Test Booklet,,,1,Second Floor,Pearson,
,,MMPI-A,C,Personality,Minnesota Multiphasic Personality Inventory-Adolescent,Book,Softcover Test Booklet,,,18,Second Floor,Pearson,
,,MMPI-A,C,Personality,Minnesota Multiphasic Personality Inventory-Adolescent,Form,Answer Sheet for Hardcover,,,1,Second Floor,Pearson,
,,MMPI-A,C,Personality,Minnesota Multiphasic Personality Inventory-Adolescent,Manual,User's Guide,,,,,Pearson,
,,MMPI-A,C,Personality,Minnesota Multiphasic Personality Inventory-Adolescent,Manual,Manual Supplement,,,,,Pearson,
,,MMPI-A,C,Personality,Minnesota Multiphasic Personality Inventory-Adolescent,CD,Audio CD,,,,,Pearson,
,,MMPI-A,C,Personality,Minnesota Multiphasic Personality Inventory-Adolescent,,Validity/Clinical Scales Answer Key Set For Softcover,,,,,Pearson,
,,MMPI-A,C,Personality,Minnesota Multiphasic Personality Inventory-Adolescent,,Validity/Clinical Scales Answer Key Set For Hardcover,,,,,Pearson,
,,MMPI-A,C,Personality,Minnesota Multiphasic Personality Inventory-Adolescent,,Clinical Subscales Answer Key Set For Softcover,,,,,Pearson,
,,MMPI-A,C,Personality,Minnesota Multiphasic Personality Inventory-Adolescent,,Clinical Subscales Answer Key Set For Hardcover,,,,,Pearson,
,,MMPI-A,C,Personality,Minnesota Multiphasic Personality Inventory-Adolescent,,Content/Supplementary Scales Answer Key Set For Softcover,,,,,Pearson,
,,MMPI-A,C,Personality,Minnesota Multiphasic Personality Inventory-Adolescent,,Content/Supplementary Scales Answer Key Set For Hardcover,,,,,Pearson,
,,MMPI-A,C,Personality,Minnesota Multiphasic Personality Inventory-Adolescent,,Content Component Scales Answer Key Set For Softcover,,,,,Pearson,
,,MMPI-A,C,Personality,Minnesota Multiphasic Personality Inventory-Adolescent,,Content Component Scales Answer Key Set For Hardcover,,,,,Pearson,
,,MMPI-A,C,Personality,Minnesota Multiphasic Personality Inventory-Adolescent,Form,Answer Sheet for Softcover,,,,,Pearson,
,,MMPI-A,C,Personality,Minnesota Multiphasic Personality Inventory-Adolescent,Form,Handscore Answer Sheet For Softcover,,,,,Pearson,
,,MMPI-A,C,Personality,Minnesota Multiphasic Personality Inventory-Adolescent,Form,Handscore Answer Sheet For Hardcover,,,,,Pearson,
,,MMPI-A,C,Personality,Minnesota Multiphasic Personality Inventory-Adolescent,Form,Validity/Clinical Scales Profile Forms,,,,,Pearson,
,,MMPI-A,C,Personality,Minnesota Multiphasic Personality Inventory-Adolescent,Form,Clinical Subscales Profile Forms,,,,,Pearson,
,,MMPI-A,C,Personality,Minnesota Multiphasic Personality Inventory-Adolescent,Form,Content Scales Profile Forms,,,,,Pearson,
,,MMPI-A,C,Personality,Minnesota Multiphasic Personality Inventory-Adolescent,Form,Content Component Scales Profile Forms,,,,,Pearson,
,,MMPI-A,C,Personality,Minnesota Multiphasic Personality Inventory-Adolescent,Form,Supplementary Scales Profile Forms,,,,,Pearson,
,,MMPI-A,C,Personality,Minnesota Multiphasic Personality Inventory-Adolescent,,Content Component Scales Test Monograph,,,,,Pearson,
,,MMPI-A,C,Personality,Minnesota Multiphasic Personality Inventory-Adolescent,,Critical Item Set Test Monograph,,,,,Pearson,
,,MMPI-A,C,Personality,Minnesota Multiphasic Personality Inventory-Adolescent,,Assessing Readability Test Monograph,,,,,Pearson,
,,MMPI-A,C,Personality,Minnesota Multiphasic Personality Inventory-Adolescent,Scoring,,,,,Computer-184 Side,,
,,MMPI-A-RF,C,Personality,Minnesota Multiphasic Personality Inventory-Adolescent-Restructured Form,Form,Profile for Validity Scales,,,Around 25,Second Floor,Pearson,
,,MMPI-A-RF,C,Personality,Minnesota Multiphasic Personality Inventory-Adolescent-Restructured Form,Form,Profile for Higher-Order (H-O) and Restructured Clinical (RC) Scales,,,Around 25,Second Floor,Pearson,
,,MMPI-A-RF,C,Personality,Minnesota Multiphasic Personality Inventory-Adolescent-Restructured Form,Form,Profile for Somatic/Cognitive and Internalizing Scales,,,Around 25,Second Floor,Pearson,
,,MMPI-A-RF,C,Personality,Minnesota Multiphasic Personality Inventory-Adolescent-Restructured Form,Form,Profile for Externalizing and Interpersonal Scales,,,Around 25,Second Floor,Pearson,
,,MMPI-A-RF,C,Personality,Minnesota Multiphasic Personality Inventory-Adolescent-Restructured Form,Form,Profile for Personality Psychopathology Five (PSY-5) Scales,,,Around 25,Second Floor,Pearson,
,,MMPI-A-RF,C,Personality,Minnesota Multiphasic Personality Inventory-Adolescent-Restructured Form,Form,Hand-Scoring Answer Sheet,,,Around 25,Second Floor,Pearson,
,,MMPI-A-RF,C,Personality,Minnesota Multiphasic Personality Inventory-Adolescent-Restructured Form,Book,Durable Spiral-Bound Test Booklet,,,1,Second Floor,Pearson,
,,MMPI-A-RF,C,Personality,Minnesota Multiphasic Personality Inventory-Adolescent-Restructured Form,Manual,,,,,,Pearson,
,,MMPI-A-RF,C,Personality,Minnesota Multiphasic Personality Inventory-Adolescent-Restructured Form,Manual,User's Guide For Reports,,,,,Pearson,
,,MMPI-A-RF,C,Personality,Minnesota Multiphasic Personality Inventory-Adolescent-Restructured Form,CD,Audio CD,,,,,Pearson,
,,MMPI-A-RF,C,Personality,Minnesota Multiphasic Personality Inventory-Adolescent-Restructured Form,Book,Softcover Test Booklet,,,,,Pearson,
,,MMPI-A-RF,C,Personality,Minnesota Multiphasic Personality Inventory-Adolescent-Restructured Form,,Validity Scales Answer Key Set,,,,,Pearson,
,,MMPI-A-RF,C,Personality,Minnesota Multiphasic Personality Inventory-Adolescent-Restructured Form,,Higher-Order and Restructured Clinical Answer Key Set,,,,,Pearson,
,,MMPI-A-RF,C,Personality,Minnesota Multiphasic Personality Inventory-Adolescent-Restructured Form,,Externalizing and Interpersonal Scales Answer Key Set,,,,,Pearson,
,,MMPI-A-RF,C,Personality,Minnesota Multiphasic Personality Inventory-Adolescent-Restructured Form,,Somatic/Cognitive and Internalizing Answer Key Set,,,,,Pearson,
,,MMPI-A-RF,C,Personality,Minnesota Multiphasic Personality Inventory-Adolescent-Restructured Form,,PSY-5 Handscore Answer Key Set,,,,,Pearson,
,,MMPI-2,C,Personality,Minnesota Multiphasic Personality Inventory,CD,Adult Interpretive System Version 3,2,,1,Second Floor,PAR - version 4 available,
,,MMPI-2,C,Personality,Minnesota Multiphasic Personality Inventory,Manual,Professional Manual,2,,1,Second Floor,Pearson,
,,MMPI-2,C,Personality,Minnesota Multiphasic Personality Inventory,Manual,User's Guide,2,,1,Second Floor,Pearson,
,,MMPI-2,C,Personality,Minnesota Multiphasic Personality Inventory,Manual,Manual for administration and scoring,2,,3,Second Floor,Pearson,
,,MMPI-2,C,Personality,Minnesota Multiphasic Personality Inventory,Book,Softcover Test Booklet,2,,2,Second Floor,Pearson,
,,MMPI-2,C,Personality,Minnesota Multiphasic Personality Inventory,Form,"Profile for Supplementary 
Scales***",2,,Around 25,Second Floor,Pearson,
,,MMPI-2,C,Personality,Minnesota Multiphasic Personality Inventory,Form,"Profile for Basic 
Scales***",2,,Over 75,Second Floor,Pearson,
,,MMPI-2,C,Personality,Minnesota Multiphasic Personality Inventory,Form,Profile for Content Scales***,2,,Over 75,Second Floor,Pearson,
,,MMPI-2,C,Personality,Minnesota Multiphasic Personality Inventory,Form,"Softcover Answer Sheet
Handscoring",2,,5,Second Floor,Pearson,
,,MMPI-2,C,Personality,Minnesota Multiphasic Personality Inventory,Form,TRIN Scale Recording Grid,2,,12,Second Floor,Pearson,
,,MMPI-2,C,Personality,Minnesota Multiphasic Personality Inventory,Form,VRIN Scale Recording Grid,2,,12,Second Floor,Pearson,
,,MMPI-2,C,Personality,Minnesota Multiphasic Personality Inventory,Scoring,,2,,,Computer-184 Side,,
,,MMPI-2,C,Personality,Minnesota Multiphasic Personality Inventory,Manual,,2,,,Computer-184 Side,,
,,MMPI-2-RF,C,Personality,Minnesota Multiphasic Personality Inventory-Restructured Form,Form,Answer Sheet,2,,3,Second Floor,Pearson,
,,Movement ABC,B,,Movement Assessment Battery for Children,Form,Checklist,,,Around 50,Second Floor,Pearson - 3rd ed available,
,,Movement ABC,B,,Movement Assessment Battery for Children,Form,"Record Form
Age Band 1",,4 to 6,21,Second Floor,Pearson - 3rd ed available,
,,Movement ABC,B,,Movement Assessment Battery for Children,Form,"Record Form
Age Band 2",,7 to 8,8,Second Floor,Pearson - 3rd ed available,
,,Movement ABC,B,,Movement Assessment Battery for Children,Form,"Record Form
Age Band 3",,9 to 10,9,Second Floor,Pearson - 3rd ed available,
,,Movement ABC,B,,Movement Assessment Battery for Children,Form,"Record Form
Age Band 4",,11 to 12,9,Second Floor,Pearson - 3rd ed available,
,,MSEI,B,,The Multidimensional Self-Esteem Inventory,Manual,Professional Manual,,,1,Second Floor,PAR,
,,MSEI,B,,The Multidimensional Self-Esteem Inventory,Form,Item Booklet,,,Around 20,Second Floor,PAR,
,,MSEI,B,,The Multidimensional Self-Esteem Inventory,Form,Rating Sheet,,,11,Second Floor,PAR,
,,MSEI,B,,The Multidimensional Self-Esteem Inventory,Form,Profile Form,,,10,Second Floor,PAR,
,,MSEL,B,,Mullen Scales of Early Learning AGS Edition,Manual,,,,1,Second Floor,WPS,
,,MSEL,B,,Mullen Scales of Early Learning AGS Edition,Book,Stimulus Book,,,1,Second Floor,WPS,
,,MSEL,B,,Mullen Scales of Early Learning AGS Edition,Form,Record Form,,,Around 25,Second Floor,WPS,
,,MSEL,B,,Mullen Scales of Early Learning AGS Edition,,Test Materials,,,,,WPS,
,,MTDDA,,,Minnesota Test for the Differential Diagnosis of Aphasia,Kit,"Manual, clinical record of patient forms, card materials",,,1,Archive Third Floor,WPS,
,,NAART,,,North American Adult Reading Test,Book,Sheet of words,,,1,Archive Third Floor,,
,,NAART,,,North American Adult Reading Test,Book,Sample scoring sheet,,,14,Archive Third Floor,,
,,NDRT,S,,Nelson-Denny Reading Test,Manual,"Manual for Scoring and Interpretation
Forms G and H",,,1,Second Floor,PAR - NDRT I & J version available,
,,NDRT,S,,Nelson-Denny Reading Test,Manual,"Directions for Administration
Forms G and H",,,1,Second Floor,PAR - NDRT I & J version available,
,,NDRT,S,,Nelson-Denny Reading Test,Book,"Test Booklet
Form G",,,Around 25,Second Floor,PAR - NDRT I & J version available,
,,NDRT,S,,Nelson-Denny Reading Test,Form,"Self-Scorable Answer Sheet
For use with forms G and H only",,,Around 50,Second Floor,PAR - NDRT I & J version available,
,,NDRT,S,,Nelson-Denny Reading Test,Form,"Personal Record
Forms G and H",,,Over 25,Second Floor,PAR - NDRT I & J version available,
,,NDRT,S,,Nelson-Denny Reading Test,Form,"Class Record Sheet
Forms G and H",,,1,Second Floor,PAR - NDRT I & J version available,
,,NEO PI-R,S,Personality,NEO Personality Inventory-Revised,Manual,Professional Manual,,,1,Second Floor,PAR,
,,NEO PI-R,S,Personality,NEO Personality Inventory-Revised,Form,Hand-Scoring Answer Sheet,,,Over 25,Second Floor,PAR,
,,NEO PI-R,S,Personality,NEO Personality Inventory-Revised,Form,Item Booklet - Form S,,,5,Second Floor,PAR,
,,NEO PI-R,S,Personality,NEO Personality Inventory-Revised,Form,"Item Booklet - Form R
(Women)",,,10,Second Floor,PAR,
,,NEO PI-R,S,Personality,NEO Personality Inventory-Revised,Form,"Item Booklet - Form R
(Men)",,,13,Second Floor,PAR,
,,NEO PI-R,S,Personality,NEO Personality Inventory-Revised,Form,Form R (Ratings) Profile Form,,,Around 25,Second Floor,PAR,
,,NEO PI-R,S,Personality,NEO Personality Inventory-Revised,Form,Form S (Self-Report) Profile Form,,,Around 50,Second Floor,PAR,
,,NEO PI-R,S,Personality,NEO Personality Inventory-Revised,,Bibliography for the NEO PI-R and NEO-FFI,,,1,Second Floor,PAR,
,,NEO PI-R,S,Personality,NEO Personality Inventory-Revised,Form,College Student Profile Form,,,,,PAR,
,,NEPSY,C,Neuropsyc,A Developmental NEuroPSYchological Assessment,Form,Record Form,,3 to 4,1,Archive Third Floor,Pearson - 2nd ed available,
,,NEPSY,C,Neuropsyc,A Developmental NEuroPSYchological Assessment,Form,Record Form,,5 to 12,1,Archive Third Floor,Pearson - 2nd ed available,
,,NEPSY,C,Neuropsyc,A Developmental NEuroPSYchological Assessment,Form,Response Booklet,,3 to 4,1,Archive Third Floor,Pearson - 2nd ed available,
,,NEPSY,C,Neuropsyc,A Developmental NEuroPSYchological Assessment,Form,Response Booklet,,5 to 12,1,Archive Third Floor,Pearson - 2nd ed available,
,,NEPSY-II,C,Neuropsyc,A Developmental NEuroPSYchological Assessment,Kit,"Kit Contents:
-",2,,1,Second Floor,Pearson,
,,NEPSY-II,C,Neuropsyc,A Developmental NEuroPSYchological Assessment,Form,Record Form,2,3 to 4,Around 25,Second Floor,Pearson,
,,NEPSY-II,C,Neuropsyc,A Developmental NEuroPSYchological Assessment,Form,Response Booklet,2,3 to 4,Around 25,Second Floor,Pearson,
,,NEPSY-II,C,Neuropsyc,A Developmental NEuroPSYchological Assessment,Form,Response Booklet,2,5 to 16,5,Second Floor,Pearson,
,,NINA,,Autism,No It's Not ASD' Checklist,Form,Record Form,,2 to 4,6,Second Floor,,
,,NINA,,Autism,No It's Not ASD' Checklist,Form,Record Form,,5 to 8,3,Second Floor,,
,,NINA,,Autism,No It's Not ASD' Checklist,Form,Record Form,,9 and up,6,Second Floor,,
,,PAI,C,Personality,Personality Assessment Inventory,Manual,Professional Manual,,,2,Second Floor,PAR,
,,PAI,C,Personality,Personality Assessment Inventory,Book,Item Booklet,,,7,Second Floor,PAR,
,,PAI,C,Personality,Personality Assessment Inventory,Form,Profile Form,,,Over 25,Second Floor,PAR,
,,PAI,C,Personality,Personality Assessment Inventory,Form,Critical Items Form,,,Over 50,Second Floor,PAR,
,,PAI,C,Personality,Personality Assessment Inventory,Form,Answer Sheet,,,Around 30,Second Floor,PAR,
,,PAI,C,Personality,Personality Assessment Inventory,Form,Structural Summary Form,,,,,PAR,
,,PAI-A,C,Personality,Personality Assessment Inventory-Adolescent,Manual,Professional Manual,,,1,Second Floor,PAR,
,,PAI-A,C,Personality,Personality Assessment Inventory-Adolescent,Book,Item Booklet,,,2,Second Floor,PAR,
,,PAI-A,C,Personality,Personality Assessment Inventory-Adolescent,Form,Profile Form,,,10,Second Floor,PAR,
,,PAI-A,C,Personality,Personality Assessment Inventory-Adolescent,Form,Critical Items Form,,,Around 25,Second Floor,PAR,
,,PAI-A,C,Personality,Personality Assessment Inventory-Adolescent,Form,Answer Sheet,,,12,Second Floor,PAR,
,,PAL-II,B,,Process Assessment of the Learner,Form,Response Booklet for Reading and Writing,2,,Around 25,Second Floor,Pearson,
,,PAL-II,B,,Process Assessment of the Learner,Form,Record Form for Reading and Writing,2,,Around 25,Second Floor,Pearson,
,,PAL-II,B,,Process Assessment of the Learner,Form,Response Booklet for Math,2,,8,Second Floor,Pearson,
,,PAL-II,B,,Process Assessment of the Learner,Form,Record Form for Math,2,,7,Second Floor,Pearson,
,,PAL-II,B,,Process Assessment of the Learner,Manual,Reading/Writing Administration and Scoring Manual,2,,,,Pearson,
,,PAL-II,B,,Process Assessment of the Learner,Book,Reading/Writing Stimulus Book,2,,,,Pearson,
,,PAL-II,B,,Process Assessment of the Learner,Book,Reading/Writing Stimulus Booklet A,2,,,,Pearson,
,,PAL-II,B,,Process Assessment of the Learner,Book,Reading/ Writing Stimulus Booklet B,2,,,,Pearson,
,,PAL-II,B,,Process Assessment of the Learner,Manual,Math Administration and Scoring Manual,2,,,,Pearson,
,,PAL-II,B,,Process Assessment of the Learner,Book,Math Stimulus Book ,2,,,,Pearson,
,,PAL-II,B,,Process Assessment of the Learner,Book,Math Stimulus Booklet,2,,,,Pearson,
,,PAL-II,B,,Process Assessment of the Learner,,Talking Letters Student Guides,2,,,,Pearson,
,,PANSS,B,,Positive and Negative Syndrome Scale,Manual,,,,1,Archive Third Floor,Pearson,
,,PANSS,B,,Positive and Negative Syndrome Scale,Form,QuikScore Form,,,Around 25,Archive Third Floor,Pearson,
,,PANSS (SCI-PANSS),B,,Structured Clinical Interview-Positive and Negative Syndrome Scale,Form,Booklet,,,23,Archive Third Floor,Pearson,
,,PCL-5,,Trauma,PTSD Checklist for DSM-5,Form,,,,,Online Platform,Available on Teams,
,,PDS,,Trauma,Posttraumatic Stress Diagnostic Scale,Form,Hand-Scoring Answer Sheet,,,2,Archive Third Floor,Publisher - NCS,
,,PDS,,Trauma,Posttraumatic Stress Diagnostic Scale,Form,"Hand-Scoring 
Worksheet",,,2,Archive Third Floor,Publisher - NCS,
,,PDS,,Trauma,Posttraumatic Stress Diagnostic Scale,Book,Hand-Scoring Directions,,,1,Archive Third Floor,Publisher - NCS,
,,PHQ-9,,Mood/Anxiety,Patient Health Questionnaire,Form,,,,,Online Platform,Available on Teams,
,,PIAT-R,,,Peabody Individual Achievement Test-Revised,Form,Combined Test Record & Written Expression Response Booklet,,,Over 50,Second Floor,"Publisher - Pearson
Not available on website",
,,Piers-Harris 2,C,,Piers-Harris Self-Concept Scale,Manual,,2,,1,Second Floor,WPS - 3rd ed available,
,,Piers-Harris 2,C,,Piers-Harris Self-Concept Scale,Install Disk,2-Use Intro Disk,2,,1,Second Floor,WPS - 3rd ed available,
,,Piers-Harris 2,C,,Piers-Harris Self-Concept Scale,Form,Profile Sheet,2,,Around 25,Second Floor,WPS - 3rd ed available,
,,Piers-Harris 2,C,,Piers-Harris Self-Concept Scale,Form,PC Answer Sheet,2,,1,Second Floor,WPS - 3rd ed available,
,,PLS-4,B,Language,Preschool Language Scale,Form,Record Form,4,,Around 25,Second Floor,Pearson - 5th ed available,
,,PLS-4,B,Language,Preschool Language Scale,Manual,Examiner's Manual,4,,,,Pearson - 5th ed available,
,,PLS-4,B,Language,Preschool Language Scale,Manual,Picture Manual,4,,,,Pearson - 5th ed available,
,,POMS,,Mood/Anxiety,Profile of Mood States,Manual,,,,1,Archive Third Floor,Publisher - EdITS,
,,POMS,,Mood/Anxiety,Profile of Mood States,Form,Record Form***,,,Around 50,Archive Third Floor,Publisher - EdITS,
,,POMS,,Mood/Anxiety,Profile of Mood States,Form,Profile Sheet,,,1,Archive Third Floor,Publisher - EdITS,
,,PPVT-3,B,Language,Peabody Picture Vocabulary Test ,Book,TestKit for Form IIIB,3,,1,Archive Third Floor,Pearson - 5th ed available,
,,PPVT-3,B,Language,Peabody Picture Vocabulary Test ,Form,"Performance Record
Form IIIA",3,,Around 25,Archive Third Floor,Pearson - 5th ed available,
,,PPVT-3,B,Language,Peabody Picture Vocabulary Test ,Form,"Performance Record
Form IIIB",3,,Around 10,Archive Third Floor,Pearson - 5th ed available,
,,PPVT-4,B,Language,Peabody Picture Vocabulary Test ,CD,"ASSIST
Scoring and Reporting System
Version 1.1",4,,2,Archive Third Floor,Pearson - 5th ed available,
,,PPVT-4,B,Language,Peabody Picture Vocabulary Test ,Form,"Record Form
Form A",4,,7,Archive Third Floor,Pearson - 5th ed available,
,,PPVT-4,B,Language,Peabody Picture Vocabulary Test ,Form,"Record Form
Form B",4,,2,Archive Third Floor,Pearson - 5th ed available,
,,PPVT-5,B,Language,Peabody Picture Vocabulary Test ,Kit,"Kit Contents:
-
Manual and question book
Form A",5,,1,Second Floor,Pearson,
,,PPVT-5,B,Language,Peabody Picture Vocabulary Test ,Form,"Record Form
Form A",5,,12,Second Floor,Pearson,
,,PRF,B,Personality,Personality Research Form,Manual,,,,2,Archive Third Floor,SIGMA,
,,PRF,B,Personality,Personality Research Form,Book,Form E,,,1,Archive Third Floor,SIGMA,
,,PSI,,,The Problem Solving Inventory,Manual,,,,1,Archive Third Floor,"Publisher - Consulting Psychologists Press, Inc.",
,,PSI,,,The Problem Solving Inventory,Form,Form B***,,,Around 25,Archive Third Floor,"Publisher - Consulting Psychologists Press, Inc.",
,,PSI-4,S,,Parenting Stress Index,Manual,Professional Manual,4,,1,Second Floor,PAR,
,,PSI-4,S,,Parenting Stress Index,Form,Item Booklet,4,,5,Second Floor,PAR,
,,PSI-4,S,,Parenting Stress Index,Form,Answer Sheet,4,,12,Second Floor,PAR,
,,PSI-4,S,,Parenting Stress Index,Form,Profile Form,4,,Around 20,Second Floor,PAR,
,,PsychManager Lite,,,PsychManager Lite,Manual,Quick Start Manual,,,1,Archive Third Floor,MHS,
,,PsychManager Lite,,,PsychManager Lite,CD,Installation Instructions,,,1,Archive Third Floor,MHS,
,,Q-Sort,,,California Q-Sort for Adults & Children,Kit,"Sampler Set
Instructions, Cards, and Sorting Guide",,,1,Archive Third Floor,Publisher - Mind Garden,
,,RADS-2,S,Mood/Anxiety,Reynolds Adolescent Depression Scale,Manual,Professional Manual,2,,1,Second Floor,PAR,
,,RADS-2,S,Mood/Anxiety,Reynolds Adolescent Depression Scale,Form,Test Booklet,2,,6,Second Floor,PAR,
,,RADS-2,S,Mood/Anxiety,Reynolds Adolescent Depression Scale,Form,Summary/Profile Form,2,,9,Second Floor,PAR,
,,RCFT,C,,Rey Complex Figure Test and Recognition Trial,Manual,Professional Manual,,,1,Second Floor,PAR,
,,RCFT,C,,Rey Complex Figure Test and Recognition Trial,Manual,Supplemental Norms for Children and Adolescents,,,1,Second Floor,PAR,
,,RCFT,C,,Rey Complex Figure Test and Recognition Trial,Form,Test Booklet,,,Around 25,Second Floor,PAR,
,,RCFT,C,,Rey Complex Figure Test and Recognition Trial,,Folder with testing sheets/materials,,,1,Second Floor,PAR,
,,RDLS,,Language,Reynell Developmental Language Scales,Form,Record Form,2,,Around 20,Second Floor,Publisher - NFER-Nelson,
,,RIAP5,C,,Rorschach Interpretation Assistance Program,CD,Version 5,,,1,Archive Third Floor,PAR,
,,Roberts,C,,Roberts Apperception Test for Children,Manual,,,,1,Archive Third Floor,WPS - 2nd ed available,
,,Roberts,C,,Roberts Apperception Test for Children,Book,Test Pictures,,,1,Archive Third Floor,WPS - 2nd ed available,
,,Roberts,C,,Roberts Apperception Test for Children,Form,Record Booklet,,,14,Archive Third Floor,WPS - 2nd ed available,
,,Roberts-2,C,,Roberts Apperception Test for Children,Form,Record Form/Scoring Profile,2,,Around 20,Second Floor,WPS,
,,Roberts-2,C,,Roberts Apperception Test for Children,Manual,Manual,2,,,,WPS,
,,Roberts-2,C,,Roberts Apperception Test for Children,,Test Pictures,2,,,,WPS,
,,Roberts-2,C,,Roberts Apperception Test for Children,,Casebook,2,,,,WPS,
,,Roberts-2,C,,Roberts Apperception Test for Children,,Quick Reference Guide,2,,,,WPS,
,,Rorschach,,,"The Rorschach Method of Peronsality Diagnosis/
The Rorschach Concept Evaluation Technique/
The Revised Rorschach Evalograph",Kit,"Manual, plates, protocol booklets, record forms, inkblot pages",,,1,Archive Third Floor,"WPS/World Book Company/
Harcourt, Brace & World/PAR",
,,RPAI:R/PAI,,Personality,"Personal Adjustment Inventory
Series of Character and Personality Tests",Manual,Manual of Directions,,,1,Archive Third Floor,WPS,
,,RPAI:R,,Personality,Rogers Personal Adjustment Inventory: Revised,Manual,***,,,1,Archive Third Floor,Nelson,
,,RPAI:R,,Personality,Rogers Personal Adjustment Inventory: Revised,Form,Girl's Booklet,,,2,Archive Third Floor,Nelson,
,,RPAI:R,,Personality,Rogers Personal Adjustment Inventory: Revised,Form,Boy's Booklet,,,11,Archive Third Floor,Nelson,
,,RSCA,B,Coping/Resiliency,Resiliency Scales for Children & Adolescents,Manual,,,,1,Second Floor,Pearson,
,,RSCA,B,Coping/Resiliency,Resiliency Scales for Children & Adolescents,Form,Combination Booklet,,,Around 20,Second Floor,Pearson,
,,RSCA,B,Coping/Resiliency,Resiliency Scales for Children & Adolescents,Form,Emotional Reactivity Scale Booklet,,,,,Pearson,
,,RSCA,B,Coping/Resiliency,Resiliency Scales for Children & Adolescents,Form,Sense of Mastery Scale Booklet,,,,,Pearson,
,,RSCA,B,Coping/Resiliency,Resiliency Scales for Children & Adolescents,Form,Sense of Relatedness Scale Booklet,,,,,Pearson,
,,SB-5,C,Intellectual Functioning,Stanford-Binet Intelligence Scales,Kit,"Kit Contents:
-",5,,1,Second Floor,PAR,
,,SB-5,C,Intellectual Functioning,Stanford-Binet Intelligence Scales,Form,Record Form,5,,Around 25,Second Floor,PAR,
,,SCL-90-R,B,,Symptom Checklist-90-Revised,Form,Scoring Worksheet,,,3,Archive Third Floor,Pearson,
,,SCQ,C,Autism,Social Communication Questionnaire,Manual,,,,1,Second Floor,WPS,
,,SCQ,C,Autism,Social Communication Questionnaire,Form,"AutoScore Form
Lifetime",,,14,Second Floor,WPS,
,,SCQ,C,Autism,Social Communication Questionnaire,Form,"AutoScore Form
Current",,,14,Second Floor,WPS,
,,SEI,,,Self-Esteem Inventories,Manual,,,,1,Archive Third Floor,"Publisher - Consulting Psychologists Press, Inc.",
,,SIB-R,B,,Scales of Independent Behavior-Revised,Manual,Comprehensive Manual,,,1,Second Floor,Nelson,
,,SIB-R,B,,Scales of Independent Behavior-Revised,Book,Interview Book,,,1,Second Floor,Nelson,
,,SIB-R,B,,Scales of Independent Behavior-Revised,Form,"Response Booklet
Early Development 
Form",,,2,Second Floor,Nelson,
,,SIB-R,B,,Scales of Independent Behavior-Revised,Form,"Individual Plan Recommendations
Early Development 
Form",,,5,Second Floor,Nelson,
,,SIB-R,B,,Scales of Independent Behavior-Revised,Form,"Response Booklet
Short Form",,,3,Second Floor,Nelson,
,,SIB-R,B,,Scales of Independent Behavior-Revised,Form,"Individual Plan Recommendations
Short Form",,,5,Second Floor,Nelson,
,,SIB-R,B,,Scales of Independent Behavior-Revised,Form,"Response Booklet
Full Scale",,,2,Second Floor,Nelson,
,,SIPA,B,,Stress Index for Parents of Adolescents,Manual,Professional Manual,,,1,Second Floor,PAR,
,,SIPA,B,,Stress Index for Parents of Adolescents,Form,Item Booklet,,,Around 30,Second Floor,PAR,
,,SIPA,B,,Stress Index for Parents of Adolescents,Form,Answer Sheet,,,Around 25,Second Floor,PAR,
,,SIQ,S,Mood/Anxiety,Suicidal Ideation Questionnaire,Manual,Preliminary Manual,,,1,Second Floor,PAR,
,,SIQ,S,Mood/Anxiety,Suicidal Ideation Questionnaire,Form,Record Form***,,,Around 25,Second Floor,PAR,
,,SIQ-JR,S,Mood/Anxiety,Suicidal Ideation Questionnaire Grades 7-9,Form,Record Form***,,,Around 25,Second Floor,PAR,
,,SIRS,C,,Structured Interview of Reported Symptoms,Manual,Professional Manual,,,1,Archive Third Floor,PAR - 2nd ed available,
,,SIRS,C,,Structured Interview of Reported Symptoms,Form,Interview Booklet,,,12,Archive Third Floor,PAR - 2nd ed available,
,,SRS-2,B,Autism,Social Responsiveness Scale,Manual,,2,,1,Second Floor,PAR,
,,SRS-2,B,Autism,Social Responsiveness Scale,Form,"Profile Sheet
School-Age
(Package with male, female, and AutoScore forms)",2,,Around 30,Second Floor,PAR,
,,SRS-2,B,Autism,Social Responsiveness Scale,Form,"Profile Sheet
Adult (Self-Report)",2,,Around 20,Second Floor,PAR,
,,SRS-2,B,Autism,Social Responsiveness Scale,Form,"Profile Sheet
Preschool",2,,Around 20,Second Floor,PAR,
,,SRS-2,B,Autism,Social Responsiveness Scale,Form,"Profile Sheet
Adult (Relative/Other Report)",2,,Around 20,Second Floor,PAR,
,,SRS-2,C,Autism,Social Responsiveness Scale,Manual,,2,,,Online Platform,WPS Login,
,,SRS-2,C,Autism,Social Responsiveness Scale,Form,School-Age Form,2,4 to 18,,Online Platform,WPS Login,
,,SRS-2,C,Autism,Social Responsiveness Scale,Form,Adult Relative/Other Report Form,2,19 & up,,Online Platform,WPS Login,
,,SRS-2,C,Autism,Social Responsiveness Scale,Form,Adult Self-Report Form,2,19 & up,,Online Platform,WPS Login,
,,STAI,,Mood/Anxiety,State-Trait Anxiety Inventory,Manual,,,,1,Archive Third Floor,"Publisher - Consulting Psychologists Press, Inc.",
,,STAI,,Mood/Anxiety,State-Trait Anxiety Inventory,Form,STAI Form X-1,,,10,Archive Third Floor,"Publisher - Consulting Psychologists Press, Inc.",
,,STAIC,,Mood/Anxiety,State-Trait Anxiety Inventory for Children,Manual,Preliminary Manual,,,1,Archive Third Floor,"Publisher - Consulting Psychologists Press, Inc.",
,,STAIC,,Mood/Anxiety,State-Trait Anxiety Inventory for Children,Form,STAIC Form C-1 & C-2,,,9,Archive Third Floor,"Publisher - Consulting Psychologists Press, Inc.",
,,Stroop,C,,Stroop Color and Word Test,Manual,A Manual for Clinical and Experimental Uses,,,1,Archive Third Floor,PAR,
,,TAT,,,Thematic Apperception Test/Bellak Thematic Apperception Test/Children's Apperception Test,Kit,"Manuals, record forms, test cards",,,1,Archive Third Floor,The Psychological Corporation/C.P.S. Inc.,
,,TEA-Ch,B,Attention/ADHD,Test of Everyday Attention for Children,Form,Procedural Guide and Scoring Sheet,,,2,Second Floor,Pearson - 2nd ed available,
,,TEA-Ch,B,Attention/ADHD,Test of Everyday Attention for Children,Manual,,,,,,Pearson - 2nd ed available,
,,TOLD,C,Language,Test of Language Development,Kit,,,,1,Archive Third Floor,WPS - 5th ed available,
,,TOMM,C,,Test of Memory Malingering,Manual,,,,1,Second Floor,Pearson,
,,TOMM,C,,Test of Memory Malingering,Book,Trial 1,,,1,Second Floor,Pearson,
,,TOMM,C,,Test of Memory Malingering,Book,Trial 2,,,1,Second Floor,Pearson,
,,TOMM,C,,Test of Memory Malingering,Book,Retention Trial,,,1,Second Floor,Pearson,
,,TOMM,C,,Test of Memory Malingering,Form,Score Sheet,,,Over 50,Second Floor,Pearson,
,,TOWRE,B,,Test of Word Reading Efficiency,Manual,Examiner's Manual,,,1,Second Floor,WPS - 2nd ed available,
,,TOWRE,B,,Test of Word Reading Efficiency,Form,"Profile/Examiner Record Booklet
Form A",,,11,Second Floor,WPS - 2nd ed available,
,,TOWRE,B,,Test of Word Reading Efficiency,Form,"Profile/Examiner Record Booklet
Form B",,,21,Second Floor,WPS - 2nd ed available,
,,TOWRE,B,,Test of Word Reading Efficiency,,Folder with testing sheets/materials,,,1,Second Floor,WPS - 2nd ed available,
,,TSCC,B,Trauma,Trauma Symptom Checklist for Children,Manual,Professional Manual,,,1,Second Floor,PAR,
,,TSCC,B,Trauma,Trauma Symptom Checklist for Children,Form,Profile Form: Females,,8 to 12,Around 20,Second Floor,PAR,
,,TSCC,B,Trauma,Trauma Symptom Checklist for Children,Form,Profile Form: Males,,8 to 12,Around 20,Second Floor,PAR,
,,TSCC,B,Trauma,Trauma Symptom Checklist for Children,Form,Booklet,,,Around 20,Second Floor,PAR,
,,TSI,B,Trauma,Trauma Symptom Inventory,Manual,Professional Manual,,,1,Archive Third Floor,PAR - 2nd ed available,
,,TSI,B,Trauma,Trauma Symptom Inventory,Form,Profile Form: Females,,,Around 20,Archive Third Floor,PAR - 2nd ed available,
,,TSI,B,Trauma,Trauma Symptom Inventory,Form,Profile Form: Males,,,Around 20,Archive Third Floor,PAR - 2nd ed available,
,,TSI,B,Trauma,Trauma Symptom Inventory,Form,Item Booklet,,,4,Archive Third Floor,PAR - 2nd ed available,
,,TSI,B,Trauma,Trauma Symptom Inventory,Form,Answer Sheet,,,1,Archive Third Floor,PAR - 2nd ed available,
,,TSI-2,B,Trauma,Trauma Symptom Inventory,Manual,Professional Manual,2,,1,Second Floor,PAR,
,,TSI-2,B,Trauma,Trauma Symptom Inventory,Form,Profile Form,2,,Around 30,Second Floor,PAR,
,,TSI-2,B,Trauma,Trauma Symptom Inventory,Form,Item Booklet,2,,8,Second Floor,PAR,
,,TSI-2,B,Trauma,Trauma Symptom Inventory,Form,Answer Sheet,2,,Around 25,Second Floor,PAR,
,,Vineland-II,B,Adaptive Functioning,Vineland Adaptive Behavior Scales,Manual,Survey Forms Manual,2,,1,Archive Third Floor,AGS Publishing - 3rd ed available,
,,Vineland-II,B,Adaptive Functioning,Vineland Adaptive Behavior Scales,Form,"Record Booklet
Survey Interview Form",2,,8,Archive Third Floor,AGS Publishing - 3rd ed available,
,,Vineland-II,B,Adaptive Functioning,Vineland Adaptive Behavior Scales,Form,"Record Booklet
Parent/Caregiver Rating Form",2,,19,Archive Third Floor,AGS Publishing - 3rd ed available,
,,Vineland-II,B,Adaptive Functioning,Vineland Adaptive Behavior Scales,Form,"Survey Forms
Report to Caregivers",2,,Around 25,Archive Third Floor,AGS Publishing - 3rd ed available,
,,Vineland-II,B,Adaptive Functioning,Vineland Adaptive Behavior Scales,Form,"Survey Forms
Report to Parents",2,,Around 25,Archive Third Floor,AGS Publishing - 3rd ed available,
,,Vineland-3,B,Adaptive Functioning,Vineland Adaptive Behavior Scales,Manual,,3,,1,Second Floor,Pearson,
,,Vineland-3,B,Adaptive Functioning,Vineland Adaptive Behavior Scales,Form,Domain-Level Interview Form,3,,Around 25,Second Floor,Pearson,
,,Vineland-3,B,Adaptive Functioning,Vineland Adaptive Behavior Scales,Form,Domain-Level Parent/Caregiver Form,3,,Around 20,Second Floor,Pearson,
,,Vineland-3,B,Adaptive Functioning,Vineland Adaptive Behavior Scales,Form,Domain-Level Teacher Form,3,,25,Second Floor,Pearson,
,,Vineland-3,B,Adaptive Functioning,Vineland Adaptive Behavior Scales,Form,Comprehensive Interview Form,3,,15,Second Floor,Pearson,
,,Vineland-3,B,Adaptive Functioning,Vineland Adaptive Behavior Scales,Form,"Comprehensive Interview Form 
Without Item-Level Probes",3,,25,Second Floor,Pearson,
,,Vineland-3,B,Adaptive Functioning,Vineland Adaptive Behavior Scales,Form,Comprehensive Parent/Caregiver Form,3,,23,Second Floor,Pearson,
,,Vineland-3,B,Adaptive Functioning,Vineland Adaptive Behavior Scales,Form,Comprehensive Teacher Form,3,,25,Second Floor,Pearson,
,,VS,,,The Values Scale,Manual,"Theory, Application, and Research",2,,1,Archive Third Floor,Publisher - Consulting Psychologists Press,
,,WAIS-III,C,Intellectual Functioning,Wechsler Adult Intelligence Scale,Kit,"French version
(in kit with WISC-IV French)",3,,1,Archive Third Floor,Pearson - 4th ed available,
,,WAIS-III,C,Intellectual Functioning,Wechsler Adult Intelligence Scale,Form,Record Form,3,,Over 50,Archive Third Floor,Pearson - 4th ed available,
,,WAIS-III,C,Intellectual Functioning,Wechsler Adult Intelligence Scale,Form,Response Booklet,3,,11,Archive Third Floor,Pearson - 4th ed available,
,,WAIS-III,C,Intellectual Functioning,Wechsler Adult Intelligence Scale,CD,"Scoring Assistant
Windows Version 1.0",3,,1,Archive Third Floor,Pearson - 4th ed available,
,,WAIS-III,C,Intellectual Functioning,Wechsler Adult Intelligence Scale,Install Disk,"Scoring Assistant
Windows Version 1.0",3,,1,Archive Third Floor,Pearson - 4th ed available,
,,WAIS-III-WMS-III-WIAT-II,,,,CD,"Scoring Assistant
Windows Version 1.0.2",,,1,Archive Third Floor,,
,,WAIS-III-WMS-III-WIAT-II,,,,Install Disk,"Scoring Assistant
Windows Version 1.0.2",,,1,Archive Third Floor,,
,,WAIS-IV,C,Intellectual Functioning,Wechsler Adult Intelligence Scale,CD,"Scoring Assistant
Windows Version 1.0.0",4,,6,Second Floor,Pearson,
,,WAIS-IV,C,Intellectual Functioning,Wechsler Adult Intelligence Scale,Kit,,4,,"7
(Labelled as Kit A, Kit B, Kit C, Kit D, Kit E, Kit F, and Kit G)",Second Floor,Pearson,
,,WAIS-IV,C,Intellectual Functioning,Wechsler Adult Intelligence Scale,Form,Record Form,4,,Over 100,Second Floor,Pearson,
,,WAIS-IV,C,Intellectual Functioning,Wechsler Adult Intelligence Scale,Form,"Response Booklet 1
Symbol Search
Coding",4,,Over 100,Second Floor,Pearson,
,,WAIS-IV,C,Intellectual Functioning,Wechsler Adult Intelligence Scale,Form,"Response Booklet 2
Cancellation",4,,Over 50,Second Floor,Pearson,
,,WAIS-IV,C,Intellectual Functioning,Wechsler Adult Intelligence Scale,Scoring,,4,,,Computer-184 Side,PsychCorp II,
,,WAIS,C,Intellectual Functioning,Wechsler Adult Intelligence Scale,Scoring,,,,,Online Platform,Pearson Login,
,,WASI,C,Intellectual Functioning,Wechsler Abbreviated Scale of Intelligence,Form,Record Form,,,6,Archive Third Floor,Pearson - 2nd ed available,
,,WASI-II,C,Intellectual Functioning,Wechsler Abbreviated Scale of Intelligence,Kit,,2,,1,Second Floor,Pearson,
,,WASI-II,C,Intellectual Functioning,Wechsler Abbreviated Scale of Intelligence,Form,Record Form,2,,Over 50,Second Floor,Pearson,
,,WCST,C,,Wisconsin Card Sorting Test,Kit,Materials for practice in administration and scoring,,,1,Second Floor,PAR,
,,WCST,C,,Wisconsin Card Sorting Test,Manual,Revised and Expanded,,,1,Second Floor,PAR,
,,WCST,C,,Wisconsin Card Sorting Test,Form,Record Booklet,,,Over 50,Second Floor,PAR,
,,WIAT-II,B,,Wechsler Individual Achievement Test,Form,Record Form,2,,7,Archive Third Floor,Pearson - 3rd ed available,
,,WIAT-II,B,,Wechsler Individual Achievement Test,Form,Response Booklet,2,,Around 20,Archive Third Floor,Pearson - 3rd ed available,
,,WIAT-II,B,,Wechsler Individual Achievement Test,Install Disk,"Scoring Assistant
Windows Version 1.0",2,,1,Archive Third Floor,Pearson - 3rd ed available,
,,WIAT-II,B,,Wechsler Individual Achievement Test,CD,"Scoring Assistant
Windows Version 1.0",2,,1,Archive Third Floor,Pearson - 3rd ed available,
,,WIAT-III,B,,Wechsler Individual Achievement Test,Kit,,3,,"2
(Labelled as Clinic Kit A and 1 is not in a case)",Second Floor,Pearson,move into new case from archive
,,WIAT-III,B,,Wechsler Individual Achievement Test,CD,Audio CD,3,,3,Second Floor,Pearson,
,,WIAT-III,B,,Wechsler Individual Achievement Test,CD,"Scoring Assistant
Windows Version 1.0",3,,2,Second Floor,Pearson - version 1.0.2 available,
,,WIAT-III,B,,Wechsler Individual Achievement Test,CD,"Scoring Assistant
Windows Version 1.0.2",3,,2,Second Floor,Pearson,
,,WIAT-III,B,,Wechsler Individual Achievement Test,CD,Technical Manual with Supplementary Materials      ,3,,4,Second Floor,Pearson,
,,WIAT-III,B,,Wechsler Individual Achievement Test,Form,Record Form,3,,Over 100,Second Floor,Pearson,
,,WIAT-III,B,,Wechsler Individual Achievement Test,Form,Response Booklet,3,,Over 100,Second Floor,Pearson,
,,WIAT,B,,Wechsler Individual Achievement Test,Scoring,,,,,Online Platform,Pearson Login,
,,WISC-III,C,Intellectual Functioning,Wechsler Intelligence Scale for Children,Form,Canadian Record Form,3,,10,Archive Third Floor,Pearson - 5th ed available,
,,WISC-III,C,Intellectual Functioning,Wechsler Intelligence Scale for Children,Form,"Mazes
Response Booklet",3,,22,Archive Third Floor,Pearson - 5th ed available,
,,WISC-III,C,Intellectual Functioning,Wechsler Intelligence Scale for Children,Form,"Symbol Search
Response Booklet",3,,8,Archive Third Floor,Pearson - 5th ed available,
,,WISC-IV,C,Intellectual Functioning,Wechsler Intelligence Scale for Children,Kit,"French version
(in kit with WAIS-III French)",4,,1,Archive Third Floor,Pearson - 5th ed available,
,,WISC-IV,C,Intellectual Functioning,Wechsler Intelligence Scale for Children,CD,"Scoring Assistant
Windows Version 1.0.3",4,,1,Archive Third Floor,Pearson - 5th ed available,
,,WISC-IV,C,Intellectual Functioning,Wechsler Intelligence Scale for Children,Manual,,4,,1,Archive Third Floor,Pearson - 5th ed available,
,,WISC-IV,C,Intellectual Functioning,Wechsler Intelligence Scale for Children,Book,"Technical Report #4
General Ability Index",4,,1,Archive Third Floor,Pearson - 5th ed available,
,,WISC-IV,C,Intellectual Functioning,Wechsler Intelligence Scale for Children,Form,"Record Form
Canadian Edition",4,,Over 50,Archive Third Floor,Pearson - 5th ed available,
,,WISC-IV,C,Intellectual Functioning,Wechsler Intelligence Scale for Children,Form,"Integrated
Record Form",4,,1,Archive Third Floor,Pearson - 5th ed available,
,,WISC-IV,C,Intellectual Functioning,Wechsler Intelligence Scale for Children,Form,"Coding
Symbol Search
Response Booklet 1***",4,,Around 30,Archive Third Floor,Pearson - 5th ed available,
,,WISC-IV,C,Intellectual Functioning,Wechsler Intelligence Scale for Children,Form,"Cancellation
Response Booklet 2",4,,Around 30,Archive Third Floor,Pearson - 5th ed available,
,,WISC-IV,C,Intellectual Functioning,Wechsler Intelligence Scale for Children,Form,"Integrated
Response Booklet 3",4,,1,Archive Third Floor,Pearson - 5th ed available,
,,WISC-V,C,Intellectual Functioning,Wechsler Intelligence Scale for Children,Kit,,5,,"6
(Labelled as Kit A, C, Kit D, PCQ Kit F, PCQ Kit G, and 1 has no label and is in a blue bag)",Second Floor,Pearson,
,,WISC-V,C,Intellectual Functioning,Wechsler Intelligence Scale for Children,Form,Record Form***,5,,Over 100,Second Floor,Pearson,
,,WISC-V,C,Intellectual Functioning,Wechsler Intelligence Scale for Children,Form,"Response Booklet 1***
Coding
Symbol Search",5,,Over 100,Second Floor,Pearson,
,,WISC-V,C,Intellectual Functioning,Wechsler Intelligence Scale for Children,Form,"Response Booklet 2***
Cancellation",5,,Over 50,Second Floor,Pearson,
,,WIST,,,Whitaker Index of Schizophrenic Thinking,Manual,Objective Measurement of Schizophrenic Thinking: A Practical and Theoretical Guide to the Whitaker Index of Schizophrenic Thinking,,,1,Archive Third Floor,WPS,
,,WJ III,,,Woodcock-Johnson,CD,"Compuscore and Profiles Program
Version 2.1",3,,1,Archive Third Floor,Nelson - newer editions and versions available,
,,WJ III,C,,Woodcock-Johnson,Form,"Test Record
Tests of Cognitive Abilities
Standard and Extended Batteries",3,,1,Archive Third Floor,Nelson - 4th ed available,
,,WJ III,C,,Woodcock-Johnson,Form,"Subject Response Booklet
Tests of Cognitive Abilities
Extended Battery",3,,1,Archive Third Floor,Nelson - 4th ed available,
,,WJ IV,A,,Woodcock-Johnson,Book,"Test Book
Tests of Oral Language
Tests 1-12",4,,1,Second Floor,Nelson,
,,WJ IV,A,,Woodcock-Johnson,CD,"Tests of Oral Language
Audio Recording",4,,1,Second Floor,Nelson,
,,WJ IV,C,,Woodcock-Johnson,CD,"Tests of Cognitive Abilities
Audio Recording",4,,1,Second Floor,Nelson,
,,WJ IV,A,,Woodcock-Johnson,Form,"Test Record
Tests of Oral Language",4,,Around 25,Second Floor,Nelson,
,,WJ IV,A,,Woodcock-Johnson,Book,"Examiner Training Workbook
Tests of Achievement",4,,1,Second Floor,Nelson,
,,WJ IV,C,,Woodcock-Johnson,Book,"Examiner Training Workbook
Tests of Cognitive Abilities",4,,1,Second Floor,Nelson,
,,WJ IV,A,,Woodcock-Johnson,Book,"Examiner Training Workbook
Tests of Oral Language",4,,1,Second Floor,Nelson,
,,WJ IV,A,,Woodcock-Johnson,Manual,Tests of Achievement,4,,1,Second Floor,Nelson,
,,WJ IV,C,,Woodcock-Johnson,Manual,Tests of Cognitive Abilities,4,,1,Second Floor,Nelson,
,,WJ IV,A,,Woodcock-Johnson,Manual,Tests of Oral Language,4,,1,Second Floor,Nelson,
,,WJ IV,A,,Woodcock-Johnson,CD,"Tests of Achievement
Audio Recording",4,,1,Second Floor,Nelson,
,,WJ IV,A,,Woodcock-Johnson,Book,"Standard Test Book**
Tests of Achievement
Form A
Tests 1-11",4,,1,Second Floor,Nelson,
,,WJ IV,A,,Woodcock-Johnson,Book,"Extended Test Book
Tests of Achievement
Tests 12-20",4,,1,Second Floor,Nelson,
,,WJ IV,C,,Woodcock-Johnson,Book,"Standard Test Book
Tests of Cognitive Abilities
Tests 1-10",4,,1,Second Floor,Nelson,
,,WJ IV,C,,Woodcock-Johnson,Book,"Extended Test Book
Tests of Cognitive Abilities
Tests 11-18",4,,1,Second Floor,Nelson,
,,WJ IV,A,,Woodcock-Johnson,Form,"Response Booklet
Tests of Achievement
Standard and Extended Batteries
Form A",4,,Around 25,Second Floor,Nelson,
,,WJ IV,A,,Woodcock-Johnson,Book,"Scoring Guides
Test 9, 10, and 15
Tests of Achievement
Form A",4,,1,Second Floor,Nelson,
,,WJ IV,A,,Woodcock-Johnson,Form,"Test Record
Tests of Achievement
Standard and Extended Batteries
Form A",4,,Around 25,Second Floor,Nelson,
,,WJ IV,C,,Woodcock-Johnson,Form,"Response Booklet
Tests of Cognitive Abilities
Standard and Extended Batteries",4,,Around 25,Second Floor,Nelson,
,,WJ IV,C,,Woodcock-Johnson,Book,"Scoring Guides
Test 4, 11, & 17
Tests of Cognitive Abilities",4,,1,Second Floor,Nelson,
,,WJ IV,C,,Woodcock-Johnson,Form,"Test Record
Tests of Cognitive Abilities
Standard and Extended Batteries",4,,Around 25,Second Floor,Nelson,
,,WMS-IV ,C,Memory,Wechsler Memory Scale,CD,"Scoring Assistant
Windows Version 1.0",4,,1,Second Floor,Pearson,
,,WMS-IV ,C,Memory,Wechsler Memory Scale,CD,Training CD,4,,1,Second Floor,Pearson,
,,WMS-IV ,C,Memory,Wechsler Memory Scale,Form,"Response Booklet
for Brief Cognitive Status Exam and Visual Reproduction I and II",4,,Over 50,Second Floor,Pearson,
,,WMS-IV ,C,Memory,Wechsler Memory Scale,Form,"Record Form
Adult Battery",4,16 to 69,Less than 50,Second Floor,Pearson,
,,WMS-IV ,C,Memory,Wechsler Memory Scale,Form,"Record Form
Older Adult Battery",4,65 to 90,Around 25,Second Floor,Pearson,
,,WMS-IV ,C,Memory,Wechsler Memory Scale,Kit,"Testing materials
Scoring Template
Stimulus books 1 and 2
2 manuals",4,,1,Second Floor,Pearson,
,,WMT,,Memory,Green's Word Memory Test,Manual,For Windows,,,1,Second Floor,Green's Publishing,
,,WMT,,Memory,Green's Word Memory Test,CD,,,,1,Second Floor,Green's Publishing,
,,WPPSI-III,C,Intellectual Functioning,Wechsler Preschool and Primary Scale of Intelligence,Form,Record Form,3,2:6 to 3:11,Over 50,Archive Third Floor,Pearson - 4th ed available,
,,WPPSI-III,C,Intellectual Functioning,Wechsler Preschool and Primary Scale of Intelligence,Form,Record Form,3,4:0 to 7:3,Around 25,Archive Third Floor,Pearson - 4th ed available,
,,WPPSI-III,C,Intellectual Functioning,Wechsler Preschool and Primary Scale of Intelligence,Form,Response Booklet,3,,Around 30,Archive Third Floor,Pearson - 4th ed available,
,,WPPSI-IV,C,Intellectual Functioning,Wechsler Preschool and Primary Scale of Intelligence,Kit,,4,,1,Second Floor,Pearson,
,,WPPSI-IV,C,Intellectual Functioning,Wechsler Preschool and Primary Scale of Intelligence,Form,Record Form,4,2:6 to 3:11,20,Second Floor,Pearson,
,,WPPSI-IV,C,Intellectual Functioning,Wechsler Preschool and Primary Scale of Intelligence,Form,Record Form,4,4:0 to 7:7,17,Second Floor,Pearson,
,,WPPSI-IV,C,Intellectual Functioning,Wechsler Preschool and Primary Scale of Intelligence,Form,"Response Booklet 1
Bug Search",4,,20,Second Floor,Pearson,
,,WPPSI-IV,C,Intellectual Functioning,Wechsler Preschool and Primary Scale of Intelligence,Form,"Response Booklet 2
Cancellation",4,,21,Second Floor,Pearson,
,,WPPSI-IV,C,Intellectual Functioning,Wechsler Preschool and Primary Scale of Intelligence,Form,"Response Booklet 3
Animal Coding",4,,23,Second Floor,Pearson,
,,WRAML2,C,,Wide Range Assessment of Memory and Learning,Kit,,2,,"1
(Labelled as Kit B)",Archive Third Floor,Pearson - 3rd ed available,
,,WRAML2,C,,Wide Range Assessment of Memory and Learning,Form,Picture Memory Response Form,2,,3,Archive Third Floor,Pearson - 3rd ed available,
,,WRAML2,C,,Wide Range Assessment of Memory and Learning,Form,Picture Memory Recognition Form,2,,12,Archive Third Floor,Pearson - 3rd ed available,
,,WRAML2,C,,Wide Range Assessment of Memory and Learning,Form,Design Memory Response Form,2,,1,Archive Third Floor,Pearson - 3rd ed available,
,,WRAML2,C,,Wide Range Assessment of Memory and Learning,Form,Design Memory Recognition Form,2,,7,Archive Third Floor,Pearson - 3rd ed available,
,,WRAML3,C,,Wide Range Assessment of Memory and Learning,Kit,,3,,1,Second Floor,Pearson,
,,WRAML3,C,,Wide Range Assessment of Memory and Learning,Form,Brief Record Form,3,,5,Second Floor,Pearson,
,,WRAML3,C,,Wide Range Assessment of Memory and Learning,Form,Brief Response Booklet,3,,5,Second Floor,Pearson,
,,WRAML3,C,,Wide Range Assessment of Memory and Learning,Form,Record Form,3,,Over 100,Second Floor,Pearson,
,,WRAML3,C,,Wide Range Assessment of Memory and Learning,Form,Recall Response Booklet,3,,Over 100,Second Floor,Pearson,
,,WRAML3,C,,Wide Range Assessment of Memory and Learning,Form,Recognition Response Booklet,3,,Over 100,Second Floor,Pearson,
,,WRAT4,C,,Wide Range Achievement Test,Manual,Professional Manual,4,,1,Archive Third Floor,WPS - 5th ed available,
,,WRAT4,C,,Wide Range Achievement Test,Kit,,4,,1,Archive Third Floor,WPS - 5th ed available,
,,WRAT4,C,,Wide Range Achievement Test,Form,Blue Test Form,4,,16,Archive Third Floor,WPS - 5th ed available,
,,WRAT4,C,,Wide Range Achievement Test,Form,Blue Response Form,4,,21,Archive Third Floor,WPS - 5th ed available,
,,WRAT4,C,,Wide Range Achievement Test,Form,Blue Sentence Comprehension Test Form****,4,,20,Archive Third Floor,WPS - 5th ed available,
,,WRAT4,C,,Wide Range Achievement Test,Form,Green Sentence Comprehension Test Form,4,,Around 25,Archive Third Floor,WPS - 5th ed available,
,,WRAT4,C,,Wide Range Achievement Test,Form,Green Test Form,4,,Around 25,Archive Third Floor,WPS - 5th ed available,
,,WRAT4,C,,Wide Range Achievement Test,Form,Green Response Form,4,,Around 25,Archive Third Floor,WPS - 5th ed available,
,,16PF-5,B,Personality,Sixteen Personality Factor Questionnaire,Manual,Administrator's Manual***,5,,1,Second Floor,Pearson,
,,16PF-5,B,Personality,Sixteen Personality Factor Questionnaire,Book,Questionnaire Booklet,5,,8,Second Floor,Pearson,
,,16PF-5,B,Personality,Sixteen Personality Factor Questionnaire,Form,Answer Sheet,5,,Around 20,Second Floor,Pearson,
,,16PF-5,B,Personality,Sixteen Personality Factor Questionnaire,Form,"Individual Record Form
Profile Sheet",5,,Around 20,Second Floor,Pearson,
,,CBT,,Mood/Anxiety,Cognitive Behavioral Therapy (CBT) Workshops,CD,Constructing NEW Core Beliefs,,,1,Second Floor,Padesky,
,,CBT,,Mood/Anxiety,Cognitive Behavioral Therapy (CBT) Workshops,CD,Cognitive Therapy for Panic Disorder,,,1,Second Floor,Padesky,
,,CBT,,Mood/Anxiety,Cognitive Behavioral Therapy (CBT) Workshops,CD,CBT for Social Anxiety,,,1,Second Floor,Padesky,
,,CBT,,Mood/Anxiety,Cognitive Behavioral Therapy (CBT) Workshops,CD,Guided Discovery Using Socratic Dialogue,,,1,Second Floor,Padesky,
,,CBT,,Mood/Anxiety,Cognitive Behavioral Therapy (CBT) Workshops,CD,Collaborative Case Conceptualization,,,1,Second Floor,Padesky,
,,CBT,,Mood/Anxiety,Cognitive Behavioral Therapy (CBT) Workshops,CD,Constructing NEW Underlying Assumptions & Behavioral Experiments,,,1,Second Floor,Padesky,
,,CBT,,Mood/Anxiety,Cognitive Behavioral Therapy (CBT) Workshops,CD,Testing Automatic Thoughts with Thought Records,,,1,Second Floor,Padesky,
,,IDK,,,Preventing Neurotrauma,CD,"Preventing Neurotrauma
A Casebook of Evidence Based Practices",,,1,Second Floor,,